packet_rate,byte_rate,connection_count,new_flow_rate,dport_diversity,syn_ratio,failed_logins,process_creation_rate,file_mod_rate,outbound_conn_freq,label
762.8774599150811,0.0,131.46529761970524,8.16941780025228,5.961128269685666,0.5396140762953227,0.19805051110022287,2.8556635645540287,2.850674729258841,0.6928762077207176,1
466.47746419391785,341664.5492487849,0.0,9.595465230441684,0.42301056981918883,0.1363521364149456,0.15008462489217952,0.20330923611634716,0.08381506330470814,0.7539894598156224,0
2307.038862941264,1395928.659864977,236.86946861422254,30.161140985184613,0.0,0.9651622893672178,0.2562587389163514,0.13531415296120264,0.08529411272649029,0.7206583696580016,1
690.8536706943341,872937.3890973085,87.00962264335598,4.713410573671638,19.823582899517206,0.45716918998737766,0.0,0.0,0.07090115100233538,0.0,0
2380.863812343141,1100873.1567251645,304.4893225093182,18.464658932344058,5.115378505489673,1.0,0.004162674984884807,0.07665469456249421,0.08394359396498885,0.31178715639854404,1
5317.83047600495,1739077.4636813502,259.75989229894367,45.93264471817116,4.838276634425208,0.9668708939414951,0.0004196887154549328,0.35590751636054846,0.06194865821589421,0.506189857324886,1
489.25210367904606,132205.7430127309,109.18452344023018,5.606321038803111,10.889803722910733,0.4497047132016219,0.0,0.15761109298669912,0.010442995415517714,0.5191922953427303,1
2063.106193173841,4085468.22322909,105.55595566823958,1.56183766888968,2.462976754986563,0.26775922109075295,0.31826679154272797,0.3050207783822054,0.06945474647130667,5.0502485769111845,1
462.80250233598656,178705.41251675045,120.52149500513674,0.0,12.230987121846495,0.4112764596671357,0.0,0.11429098148369865,0.048043854500271405,0.25371678167490963,0
4290.518709319181,284581.10344371886,359.0026159263943,36.97021711521015,8.412467566342855,0.9903619729495873,0.0,0.2601075441168253,0.040994684292505475,0.0,0
270.4743947791969,480468.9463640704,99.93979720556206,2.892690162111129,5.268984056373571,0.3744789328091402,0.0,0.19879814520795777,0.0,0.6045601741711716,0
3569.108199519381,1306616.4115019618,254.2070750846402,25.38200018994822,6.232714677276883,0.9452532970984,0.21955503614472008,0.2875065825968084,0.00440852465174852,0.0,1
531.4068913275777,168493.90572735557,25.873388489316426,76.899078258375,75.97801974053277,0.8285523268786471,0.18846031929340856,0.05994684463642906,0.018435880489363995,0.2417158315848894,1
448.5913668735186,256173.8131893835,102.31458448922467,2.2217664178740373,0.3673492365588036,0.18977997842623043,0.06471755735567804,0.22867131752478193,0.12179125002599836,0.0,0
419.7409702383368,413233.83888290793,81.70517542072804,0.0,7.577856761761399,0.16088538769099053,0.2755225673884045,0.44095226160865697,0.23862397786997752,0.23777104477825578,0
389.45237946017016,607587.0711616419,86.64163400264042,0.0,16.925460016019233,0.38443746283191904,0.15915868541308434,0.10030710935651785,0.015584799991047046,0.0,0
643.5670140381767,491443.3288386448,157.00212765938238,5.173660149887817,18.511567285111724,0.22056740038707795,0.24875022067269933,0.3293658229218377,0.13209250246177698,0.47753721605618216,0
204.84472410504543,675839.1297156583,92.62632420369673,15.385682376658211,4.775040374552904,0.4343632483242676,0.3413210544981582,0.29283284949790045,0.026429133024503025,0.06454964926164192,0
1050.9650843726347,3631038.027175107,99.26339806681173,5.283379505755841,6.765512672445075,0.3149051900001344,0.0,4.35342365296602,4.429120413054969,0.7535403361080505,1
47.59442154059195,2280565.036634676,87.64667589921048,11.551483538106517,5.7584355278617485,0.2180305933033263,0.01419742098142528,5.617629632417809,0.43467145299214316,1.1855477341962455,1
470.4454213365807,871825.2382810207,90.26411053107492,2.658308158226487,16.433099308040752,0.5795542184508019,0.0,0.09477119321595713,0.0,0.0,1
634.6779529700531,4595815.933630837,147.51161934517205,4.67508825733775,4.950914219030511,0.3344196373645619,0.04179523004342316,3.7403244660034893,5.745491125060757,0.6201721885107103,1
624.5488342007012,1206836.289079647,63.5222755358454,3.7882597444054746,10.345549236799938,0.6825539289766339,0.1327685072021415,6.1311443956989695,4.042785727930948,0.9371056429933827,1
331.14496706239265,129168.4889818239,143.7031163701998,2.5399252538389305,17.50166649474388,0.3981932357906365,0.0,0.0,0.03226880793192453,0.0,0
641.2376465193296,2152134.139710716,25.27924857243638,5.954249778913823,5.13094015405363,0.39196603028643967,0.20699652680511402,6.857826915257252,4.193298772841516,2.8128629511823786,1
157.01377003518905,109601.632206827,71.22464281930208,3.5283002490865294,5.998710847462425,0.2933625327762903,0.19144558347878102,0.0,0.0,0.27686004107628287,0
750.7422908215033,247090.88117017027,136.736670233552,43.83232828743785,39.97479055827327,0.8743786731183549,0.0,0.06592048538561385,0.0,0.5900358221050408,1
313.5900674857836,371842.1721813127,55.98128620132017,2.644256024346642,10.75026605456464,0.35091459564440564,0.0,0.2107124855909699,0.12396082146512677,1.1701230315912046,0
412.01992661855627,82077.09650634794,82.34310022127251,2.1732224243984786,10.965603505626772,0.3544840030851176,0.0,0.18873532159287917,0.08795435518747356,0.6373024501896336,0
397.5477805414189,0.0,97.47802890448811,4.69367804479373,0.035325985687329364,0.3347565681023381,0.0,0.0,0.10479504045616156,0.40124244997417574,0
132.69451054776204,505646.36010499374,10.103962300140964,0.0,13.948456479287806,0.5200396310549598,0.0,0.003750542788613309,0.0,0.3901184257226425,0
372.08464825228,0.0,67.09999387269063,7.110661212747258,8.517609636564757,0.34465451228825267,0.0,0.1948979352530683,0.0,0.062095734019738336,0
367.1664461733886,527293.2081538287,74.00520151692119,3.5493082588031033,14.934387728253236,0.4513643824818565,0.0,0.5330365823510006,0.029164297298357164,0.81175515985777,0
90.13703990535893,91174.11667449784,90.9309292154869,10.438531283919566,7.13280453461044,0.3051351411678676,0.0,0.0,0.03345031415244873,0.20631732333914213,0
363.87544647229663,1222400.1909217834,163.46298402812045,15.723811188252448,13.023685863038525,0.0671346003514906,0.0,0.11029371076353342,0.2146241787668322,0.5986291089677668,0
296.3952445633979,0.0,37.417596490152434,4.589854761050276,7.071944819776524,0.021755131783042447,0.11824202119670815,0.17883856156067224,0.14758966593203057,0.03331678448102837,0
973.1184159454273,2381866.3342501502,0.0,5.874916385907418,10.251312633695257,0.43135765833789486,0.2881057481964253,3.194736602263094,0.5329917328912135,0.03052914591293454,1
7510.802016517845,824889.1242816052,182.93630136229095,11.418621771308292,1.7080486412473128,0.9557346654180868,0.0,0.20553252660665303,0.02550157076219407,0.11655586404669993,1
214.41468468723787,691052.3986993368,50.51580926729325,3.6377989396378765,14.320140452436576,0.11557998858601862,0.0,0.16501286637578502,0.0,0.0,0
275.84998773042025,1149534.1827061134,66.52597053932433,10.634279567882706,9.87295828221186,0.217866084838869,0.0,0.06074338282045937,0.08616173086273812,0.4359564987013853,0
470.3200242646241,164686.0516433987,0.0,20.07223726633081,15.235521657804362,0.2721140010109631,0.10817115209902052,0.0,0.0,0.8494263123029623,0
547.0917141568299,2225267.371320175,107.33414780005512,0.0,0.0,0.42166661487007195,0.0,2.3673807279303203,1.613321055646154,3.6777890650541094,1
381.4799991692917,676795.5051700727,66.8576795381478,0.07657678168837911,14.951366038203572,0.38545543145203903,0.350847960863511,0.36660544730473293,0.02397968691315155,0.7580293665719472,0
679.513375534639,704074.7807650656,89.25114963188372,6.280716701220836,11.51698363385829,0.14784800959558436,0.13249912361384716,0.2461091142255627,0.10749137882485467,1.0413861555219748,0
1097.5588325961846,5268129.980078975,62.697220957525964,14.067472627242596,15.124929968681357,0.14555596407924498,0.0,2.3441977700836345,7.018646850925274,0.49001213050470194,1
0.0,460714.2653351987,77.3315654244258,9.734234053171473,15.064688304034409,0.37917483710267735,0.06513731232432399,0.35266071069835414,0.04221354323691915,0.025473068170398794,0
398.27916886345656,548342.0610179205,0.0,6.795481210945029,3.227537219570401,0.14095797619718214,0.08861890324126401,0.13137068369388782,0.0377049545185998,0.40701348091658496,0
13.281284730132427,3914.796842738986,128.62344058366924,16.608374925329702,19.624786330365374,0.39900310367774733,0.00183851185389464,0.0,0.14494994318870547,0.38597535832839674,0
90.37646179917405,77778.60098409705,103.73656666625298,4.724179124892728,10.787599061810488,0.4610409831800225,0.0007285225798288782,0.3043841370939273,0.1657051918347136,0.853911142761429,0
289.22591683327545,4233476.75624953,84.75298328762864,12.481078407694309,15.2641720476446,0.3925953291531965,0.1309193807613444,3.0009351595802456,3.542484494197518,0.22809581955160313,1
393.7966442727855,148332.7502531993,163.8888181472393,1.2776497706816445,3.3979930900077306,0.173943706557963,1.6471539534925546,0.1782341089108762,0.0,0.7620147922440366,1
650.6444350978365,223700.11650927353,64.38631892493426,11.244764331807211,4.409423238615498,0.12985167929298796,0.0,0.12632605487117263,0.3248742092787616,1.3972693694321654,0
88.23932621210764,97872.35675281179,91.84867967973571,3.9572873293235684,3.7080512046259098,0.26369682481165235,4.207255568044855,0.0,0.0,0.0,1
325.51366866699516,243710.11674978852,8.374962464801058,2.8718794679930193,6.463902090886036,0.39359839924112033,0.038495915700121244,0.09567743685370769,0.02033320946507903,0.2898730202294433,0
126.27586394262173,698986.450058654,48.41616889119187,4.282321405871507,13.27841569110952,0.2492298220925104,0.0,0.0,0.023194310402997555,0.4120185025219899,0
1036.7625216143647,5497276.768925346,0.0,0.4687765149225347,2.899027321856619,0.05281947615341631,0.0,0.3975625302087169,0.0601263421740903,7.5546676533035235,1
418.7358776557005,158725.4093272748,156.61326152750067,49.447037250948405,68.43781749384064,0.7494758862055303,0.1308877021241759,0.166057936056848,0.028225280426483593,0.40197245159799977,1
540.797822976668,2031265.6107281505,175.93787708678025,0.0,15.193321563329192,0.46196672797603516,0.26567269068090527,3.0245996289510804,10.056471150994533,0.21091110602720964,1
684.2639549833494,319334.4338431776,107.84257442648735,35.536483784867706,66.20581691611264,0.7787675537962852,0.0985011361854401,0.23861482598469164,0.07367130249513963,1.197371404477591,1
389.0108955836291,226386.13196879646,87.0726162359702,8.012203766717608,26.144838452788235,0.5087756790272402,0.32292528211132665,0.0,0.13871604583651426,0.5767352007957077,0
492.7640181233154,155531.1797300651,102.75569011957721,4.367235033101869,2.0310439763695416,0.3809981263913295,10.258930684652622,0.20452114244587,0.059198014045007505,0.1594651976223953,1
389.78656542716266,87499.13389396074,47.592137382201564,9.72166794374838,14.087109757800745,0.01,0.0,0.12415329316141092,0.25592189002186977,0.28729948420670287,0
781.7667743979159,4087320.003825386,112.44907508678732,14.006084518506063,11.08389916876511,0.23848020976181983,0.3488798847315713,3.240609219889923,2.482728471843883,1.0886277025205642,1
270.19398378457157,672144.0059269188,38.717309157642866,13.985139299254913,4.667266378628456,0.3452812055355134,0.0,0.06754120510308403,0.0,0.0,0
589.8566567906101,893854.8216087265,75.18255451012197,11.907006512593696,0.0,0.32383835521674215,0.009816122583856057,6.022332205758061,2.8162429266715288,2.6574828049035446,0
362.36779731995165,2926867.5191327306,88.93015685078346,7.608009034081837,8.111731987484099,0.39259977154784476,0.0,3.9827196439588297,2.625430279218477,2.5383703540537303,1
379.5872278993152,316208.29033649765,52.45439413266223,2.5996542298579493,7.415544180048827,0.3360361330086827,0.0,0.035689218733482034,0.06577871019256365,0.0,0
364.15278296303165,144297.5969150429,72.44309345964554,4.103147925753458,1.9187677036661963,0.35214099229441415,6.925469525358818,0.06832871209763314,0.20784756289109751,0.28363063238224034,1
362.79240841981004,308822.8861583767,97.5658699270103,0.0,7.983944957871807,0.24309842996299863,0.0,0.0,0.0,0.2726999972672666,0
454.16610092634056,98075.50376714276,46.116041170981774,3.4213714269381024,2.3468788326588363,0.48630595605660365,4.485608718402769,0.056608782016851406,0.006824337178760714,0.3443745860177235,1
339.0016743022662,98657.64880308128,100.40194411473917,2.063210673143518,0.02417729060486984,0.4870975412758872,6.348853983548774,0.0,0.029814075472693057,0.26557137478219783,1
94.7035014608949,595480.2385300426,100.29138585206937,3.758551131778832,10.878993643994097,0.33162038432258084,0.0,0.0,0.1756158176471737,0.18407447145358824,0
5491.172313224638,1373138.618281988,148.5592045221439,32.78572546372304,12.547801335951425,0.9208029284001159,0.16242051260138043,0.3543987429640955,0.21609449518085982,0.9074844595269274,1
72.08318200633386,558504.057513558,68.33332256525019,0.8638470165617029,4.647634454230561,0.24792394476905438,0.1376440739005827,0.2495697021618657,0.08980626197553562,0.09356184690366082,0
524.4887630399771,237823.20633888652,39.184707481659146,7.8786514880617835,3.746227605019561,0.46971840969038825,0.0,0.16949930309984387,0.09708560125101715,0.9088041540178395,0
647.7163083764243,543459.9762514968,170.18719984401446,5.6806470743775375,10.482615388982524,0.07534788532077386,0.02486857428520505,0.0,0.0,0.21888007999366518,0
871.5670738532738,1496395.8871141193,82.38671592973358,5.417768463531677,15.001467374500551,0.1296246667260482,0.3232072230827049,5.271688278767747,4.4531426586978045,0.0,1
283.4754827368014,549872.25626903,156.370172393194,0.0,8.990567973184822,0.20617643767609045,0.06454633959009773,0.06747948390380504,0.04524448280360885,0.16517298171254652,0
356.41511452961487,0.0,3.5672363987246882,0.0,0.011337950111718342,0.4045038814165849,0.4375540202316094,0.21510935341185478,0.1406209844885321,0.10669439138246428,0
1850.658789102864,6312074.882692829,61.42912350670175,0.0,0.4123627989168617,0.3324827773916123,0.016966303044438753,0.23933044472508264,0.0,4.254689506042676,1
285.5652215213093,352745.8483926204,64.50334380153322,6.623486388256734,4.097948095547523,0.3674304890221557,0.0,0.11101410934842564,0.00896471080081751,0.7648539754701144,0
396.49386153850685,59056.19493463944,63.64691798714324,12.690980664693265,1.5515857316820139,0.4427912898636591,0.0,0.2572617786561331,0.11787934792612813,0.7855852109539949,0
110.29886167272514,40077.06141556275,114.15923786623267,0.8012929870193788,3.2072995228116055,0.5321561997736145,1.6470644874473246,0.23110215509930299,0.1315230624013288,0.6412236396466372,1
294.12916219791646,18336.37244744574,50.37092590716849,6.194896612128829,3.778703064273989,0.1940579351914986,11.196694460274358,0.0,0.08499877594683007,0.16102484600629774,1
963.1207292503653,3785244.720566584,157.50173149721462,7.773443622365312,9.658391806836638,0.45783493905438244,0.07497813158718458,3.4848103227115304,6.428479911865572,0.0,1
355.07353945413774,96353.2249249307,104.01328913340663,3.417496735627822,0.0,0.23048263091668625,7.506387879288921,0.25383772154618667,0.07702374997095932,0.0,0
1807.4478081239986,7174611.38815921,32.01867173239239,1.6562711970115456,1.484263313478973,0.15346722604196425,0.0,0.0,0.06209239438596516,2.54765811930477,1
321.14103122520834,0.0,5.196345753564373,5.644165055734566,12.13797196948397,0.2624728784629373,0.0,0.09067722098650964,0.0,0.7145003203935383,0
5.974522344645322,0.0,45.34426986537773,16.272725473103886,9.605409210882407,0.12475798712227024,0.0,0.15207145569559977,0.028319617208928522,0.3090561064040976,0
426.5579495631091,5570552.028111212,106.10637977002786,3.7595528759564796,0.0,0.22415562022112107,0.1268339392962018,3.4712563199482513,8.934463718594117,0.6596941766075182,1
11.477178944166894,80563.40141216305,76.04177854101407,6.182534411328261,4.9333412578515325,0.35395040736067884,7.183373900366634,0.12257110019598025,0.0,0.09930792045484475,1
1522.5540006066983,3570710.2783239037,13.731476313981638,2.6048594577189927,1.0493365565766486,0.24680408689805491,0.0,0.26419631539755184,0.11815194150121454,5.18691157188252,1
484.86245762408237,66999.72753645934,44.453468683527156,8.55353974606757,9.585559565110882,0.4614054539756818,0.08942485126745021,0.20930802809682034,0.1743889464821709,1.2716150735505414,0
253.0553753621678,416125.0550724084,0.0,3.1443204282013135,8.436649040889806,0.3687497955152041,0.0,0.0,0.13606155949657206,0.11481438530156077,0
826.9186537570572,1863918.6285027824,54.59369975412068,2.5263370616380048,0.0,0.24464920142487084,0.0,6.804544235132369,2.7004434204949717,2.492190774246734,1
1020.7806434665051,6406693.168755938,84.14051068880521,1.7298283251795374,0.40956634532909364,0.4007214419792973,0.06051387126931525,0.123861401382386,0.03937750091711024,4.761595113735118,1
288.6489079151076,263368.7065930229,149.39135584709584,17.919305189909366,9.88933857710087,0.22779857083427252,0.0,0.0699300922031953,0.026997102337254948,0.5681092661948861,0
596.9558868446869,0.0,100.47584031205572,58.24232998850461,83.51116040695605,0.6890212436201392,0.0,0.23935743380787816,0.0,0.8685033651747234,1
427.17561150194416,92777.83555664033,84.57181665324376,1.4047726832662841,0.0,0.3788584629376762,3.1946603402755427,0.2936869843927671,0.06374316921596965,0.0,1
765.5269991290334,3072210.421987927,146.86329842814897,8.435444566687616,0.0,0.04711637785069933,0.0,5.518683818319413,3.2311648440813774,1.2862604604324415,1
578.5343161813923,470170.9237135888,54.99621174069149,12.047603512214431,13.554222869910214,0.5304475634665036,0.16449226442358497,0.10006697930664009,0.0,0.0,0
556.6654168710629,766567.3826216047,31.873254711092926,12.406669282322596,4.028675079398385,0.33396035183027806,0.0,0.05278187885166845,0.0,1.2372565578848502,0
390.7089442867854,696048.5531722904,83.09047854644012,7.23503353742087,0.0,0.36408435914926557,0.11612300464550748,0.016828872448432786,0.01638760697995851,0.2822689212926106,0
4993.452264957588,329583.8658123787,174.45044192969024,23.47406436868209,17.389030947939943,0.9582246834404565,0.3258244410430443,0.21419481215900643,0.07774281092697424,0.5876750216369128,1
224.70090307410672,405168.40466832824,79.16187085651735,1.9291500900694345,5.367303072768207,0.49883454281761064,0.012403529766946541,0.23527256060108975,0.004852870474661632,0.4492478236713186,0
314.96315782456077,651033.9835635575,132.16133099277636,2.0716148586624854,20.85205870707315,0.3319423472547714,0.0,0.37101509719063525,0.1595700695227684,0.2675905261536221,0
240.68256411744636,846560.3501258155,15.666947668116322,7.615416289689503,4.339493078362075,0.6197852224644304,0.14062570270172872,0.2245377993679442,0.0,0.4108872597185649,0
398.2578934039914,348325.7636757874,129.81724081700162,4.942266984597357,3.794454376420357,0.22130358331894268,0.0,0.09905851523013304,0.20879640110270264,0.8586740786538933,0
362.34970008588743,0.0,68.60072118710914,18.112239505417477,1.3742829755666452,0.31000576392807255,0.0,0.1383573485407224,0.08308959083796882,0.5477766196851506,0
274.3920375893573,0.0,130.87799129490833,6.429995325026077,8.032623412915191,0.4487191772396206,0.0,0.1428623192338133,0.012354201119126426,0.03342149650873294,0
564.6597080532101,283367.7097660436,82.60137089539805,5.213410835757669,8.447744768273825,0.05601428136358372,0.13305913500033872,0.04317602334580352,0.0,0.16217339561104938,0
5208.404012036888,2243987.187367347,207.97017327053666,17.364345010614354,13.922674588709029,1.0,0.0965081077791445,0.23618477752462164,0.08704463683380347,0.5208861601833545,1
495.30094307913214,363741.0145563481,46.6288098414331,11.608920754922941,1.020653865356512,0.4309829162889594,0.1760973353833714,0.1212146717023288,0.029825898881492258,1.2596740121273604,0
1166.4937411515684,3284071.554952657,65.36187680742572,1.0452333096307345,2.3031828201810356,0.5333101386207009,0.015750821199256703,0.02281152222325805,0.0608604697075187,1.9512727598835573,1
399.65821235672956,0.0,172.79245672090116,5.507912956711099,0.0,0.2022987304302465,0.14415243215157825,0.17787277018079672,0.0,0.47088538543199787,0
31.59328260939344,520104.5529583574,81.08680109772907,6.683870586583495,3.8987557491656544,0.3328633788572648,0.0,0.3036188153752761,0.13392563347017974,0.11451275753881271,0
834.2016543708319,286195.3674508407,62.033568022432945,46.243065113240206,59.529328373638066,0.7661757804923212,0.12726042576882157,0.0,0.007768133813932154,0.6782286392059605,1
431.02655594416035,388453.33462675934,86.76908797109333,15.220582066971346,5.255751360724736,0.19948348349136494,0.10702361269691972,0.2890479378421682,0.09170207443632708,0.6855174793471315,0
217.23014092607698,443171.5530121951,65.48676316806156,10.26616331434538,12.031605095596625,0.43079921731524495,0.19169807903241756,0.15226563516321956,0.0,1.0895127631016175,0
627.3685507771966,4945319.231372984,138.7818537120255,3.536783226086515,14.524778865559647,0.39097832556230194,0.16618215365144443,2.602067360578225,6.197533131027288,0.5555067312360492,1
466.6803685729644,4629792.394627488,75.9577589535933,1.5912757593838431,2.6883422048081194,0.532244791750086,0.0,0.07188708660390258,0.14177103852630507,6.196300110748474,1
497.5045370529382,567126.8686388303,134.37973782412902,6.757949224097615,5.464374845616023,0.17599767395632238,0.3353360897609028,0.23856453220263502,0.0,0.22053560200254485,0
1368.7234722860117,0.0,108.67983915785457,78.99609320065389,80.10062970331397,0.8073938254186005,0.020315249460836123,0.052169191041350996,0.0818608203416076,0.5205929616921148,1
264.43885000164573,612289.8492981445,147.96113717632392,0.0,3.8709904984033,0.20473404790985877,0.08616591846151689,0.2858988412691941,0.0,0.5648170133442743,0
402.6894389089901,104904.53559838946,117.08488414052947,0.0,8.422719102430806,0.5061647882438713,0.035815720116575724,0.13495083113202547,0.050796446857622475,0.24538459544970276,0
315.4140151643452,63451.768187999776,39.18325292486765,1.7755075860563612,2.497086002777122,0.3216048252192946,0.0,0.0,0.15326059688627808,0.19110590332358812,1
118.87085966187058,150922.5768759991,65.98475577405641,5.674771636405954,3.777757954253512,0.6070690358618838,0.2984305289702811,0.44800622413978103,0.23817319467595643,0.0,0
544.0905281563602,549433.4062192538,32.7219988479544,7.997623780225672,3.330662294386441,0.5479730084102018,0.10909927881771776,0.2099488311330537,0.07583642343200356,0.18988534792739442,0
1228.775119298267,423259.37531464617,52.341143728808674,47.23668139737249,45.9656496136815,0.6603607950216562,0.0,0.05542202532170984,0.11198085883161082,0.09568218215422886,1
186.15411881373845,29762.332720706007,94.06051839467149,6.047761431284233,3.064825370215928,0.29975404151218293,0.27553842935588335,0.1838495718955147,0.0,0.562265970210988,0
750.5388595225207,2178378.5304773035,0.0,10.639192856440511,11.328059338984641,0.5395326770217463,0.24863439631643283,4.959076519211477,0.9779286780576819,1.140806226974828,1
375.80808324535764,1011903.9902227204,177.529141289898,5.56882722665696,6.8374928559443555,0.15771104193853297,0.0,8.231975670936489,3.1398496132641256,2.081649809051208,1
337.82626778129617,21396.13758209627,79.05544542340937,1.1868476245702437,0.0,0.5571647986049165,0.12456065294545761,0.22631904028578523,0.005353040014925446,0.46482140598909444,0
601.6492439005829,857245.1745108137,28.100633747025384,0.3738824481008258,15.33965909424964,0.031684052343002145,0.0,0.13572948989128292,0.06254065303045592,0.8270688933662652,0
382.02888285506435,691027.9303143278,173.47573621190156,2.109380790697041,3.3856008048938904,0.30667835879681693,0.0,0.006973902085761846,0.11689584925446946,0.0,0
1565.9771404690716,175633.9569716776,97.627669462828,29.445087102824253,74.39666017065868,0.7054624402105839,0.05277784131585435,0.14797180765871198,0.09642619567560137,0.16524829314523148,1
786.3469132712823,700345.7601781373,97.5154003720029,13.617269286479644,17.434149736837668,0.3208000029745959,0.06612350687877723,5.706328969948422,0.9274245361554287,2.984487672969337,1
717.5644514836359,922076.9399685982,169.05532352008316,12.631098811288387,8.717768044465203,0.40297924054316975,0.0,8.052767118149184,1.8531136234024774,2.3633563754898703,1
896.726487045427,1326714.4164970904,44.35534068214168,13.2392261009014,18.876952492658656,0.46550840731434384,0.0,0.7178762621360482,6.045873845626916,0.5088099044176675,1
299.01929036497995,66817.80241563707,29.760294206551755,4.917188161554691,3.4471898545472346,0.36707536781063044,10.718498165276948,0.1302981816693462,0.0407146336603452,0.5330023502326895,1
4262.799463703446,1683568.6838057812,166.9650094945772,25.859674511028746,16.773663976336927,0.9596935354292431,0.0,0.062128115836074554,0.0,0.504929088396759,1
259.7978889759422,569567.397536478,153.47652037316317,0.0,11.53311996862464,0.20538084524294387,0.0,0.13486395127828935,0.09122721232582076,0.2514507825007877,0
178.56056668471558,4429321.812987633,81.76791534639523,0.7269452441811586,3.5573643737834297,0.2323157136505034,0.02524900765420056,4.693688583174238,6.06660128223216,0.12428901523594243,1
309.48597610543715,385187.23052517197,196.23140842249612,8.666260106068817,11.982817442316563,0.30378298290614003,0.20837561931058782,0.052553686399179206,0.028026026860324987,0.4944403037239272,0
1090.4349211658516,2267536.0780332927,113.95313692056988,4.664606806336012,0.0,0.2396450354084455,0.05522349133471538,0.8607201898296486,4.298891042480122,0.35325480564312733,1
254.8813140600492,53043.48930546746,32.367549888452764,1.1625496131238275,13.101772376878326,0.3885353048241193,0.033200266418778,0.18783461237188692,0.006062278515202302,0.7679885195786806,0
425.7066500245026,864717.0444417344,48.0148702805632,6.129810567167525,9.187070691987772,0.5868889234783641,0.047355406230973895,0.006402803178926664,0.1547584272373378,0.21953991277975402,0
673.1604107988838,55341.75422560246,93.4904266761786,20.922178542025506,65.18809985411367,0.6849657524076161,0.0,0.0,0.04742414948779142,0.0,1
537.0536517598821,574533.4019690503,89.61125651964205,7.759653854093287,1.9332613937947736,0.3459333720174576,0.0,0.010707845619107217,0.14417962662632772,0.0,0
135.7704513280643,464447.34130347596,103.87592017839617,6.039970147744067,2.6625300440088253,0.6948989844539764,0.28772427117341925,0.12251436858929214,0.0951913125507714,0.2523053473182245,0
531.2625060129436,2372045.986439459,72.46093791326322,5.400075923558468,9.131896383431902,0.5854694189653755,0.2960692690858955,0.2644021292402554,2.671289258555013,0.0,1
0.0,86965.03281250456,95.76171780850574,13.32830084172674,8.821013514332714,0.5448442900291899,0.11008143672439648,0.07967220429844929,0.08560052489128098,0.8631047411341408,0
363.4960139018152,295050.8541095661,120.09413256352494,2.7435193681992773,5.9373549065563225,0.18205945680711064,0.0,0.0,0.03326459839151758,0.4692158859467672,0
735.7760344662393,251783.1410867347,66.45519972878776,42.92684369168673,46.387535177568054,0.7188535578339862,0.0,0.0,0.046692672291591845,0.057989244882775404,1
554.0080270458125,708111.849491064,101.14582377578145,13.340409113326487,6.908478204270076,0.3190090159345407,0.0366687477194986,0.000901585825212145,0.0,1.006362602197726,0
137.19576538264252,202615.95933972992,88.80975763297437,8.631010090619478,11.198021813604367,0.011004029865753717,0.14494335541206582,0.0,0.13434244392742792,0.0,0
304.3230492105482,397243.7530124203,133.55543376562508,6.457632196194306,15.73861266156537,0.32650654610181185,0.3362792427389061,0.08966398658294113,0.0,0.2535947024858157,0
945.2283481707001,4151664.6318741185,14.209777297247925,0.0,0.0,0.31641690131639244,0.0032074912933397724,5.578724305378895,3.8933660442582156,0.0,1
127.01605614316534,909947.2842980529,132.96899333844107,12.178914464970706,20.40324153260466,0.1858240450864275,0.07288492488058353,0.09302141335600833,0.05869591200120552,0.03488044454933059,0
1281.557662702104,3361093.7306610383,124.78659406669479,3.118077292991296,10.795846297219903,0.24554139572306238,0.0,1.522563285568234,6.889148254552353,0.49982995302544386,1
461.27192658946433,322015.4421624617,2.040366214358059,0.0,6.131010452903073,0.5256580698051359,0.12628058444201407,0.1877594018435274,0.1022925396468512,0.7727727124995175,0
184.47945489884825,7465.308655752626,134.12126287198623,0.7360846844416873,5.243517218565645,0.11323714286635639,0.0,0.13505014347556743,0.09235325145822013,1.0687118095165706,0
9.082323825377216,584128.8749149442,96.76391857284858,5.7982880673299375,12.63315123134586,0.4057350913822157,0.28497055552889783,0.17656987264665408,0.0,0.6578746066490871,0
1868.3754062635348,72033.87518690439,90.40570446600591,129.72234514671283,86.34390789979143,0.6513753031980549,0.0,0.3109231205593632,0.0,0.31940569162125193,1
734.2763741157272,1765800.1223952493,49.404542830886335,0.0,5.178042611872762,0.5455798869151794,0.12526225379870887,4.118665100837261,0.0,0.4456671997314572,1
308.2598641343137,45441.27962884261,4.001554015849692,3.117272604214033,5.718701862088002,0.22978467389199386,8.773903144053536,0.11944205023681594,0.03676576116763322,0.17337675900941557,1
1306.7191465666751,7884060.691488953,79.36500288329061,1.4813451331766279,1.0883869378881532,0.05836588646399826,0.0,0.1742984519297756,0.07168508674308072,4.298137523121573,1
258.3631993245748,304257.0222764988,82.15979389016012,49.540010441095134,34.98338977839518,0.8349811603865358,0.0,0.07917166508530743,0.0,0.0,1
81.24931080687847,761599.6055546928,155.9054916476797,0.0,20.945921279331834,0.01,0.0,0.08072592102963817,0.0,0.0,0
1206.7416053259315,3668154.8452264685,20.019055349208436,0.006355322010364706,1.3752021423456013,0.19242672836571692,0.0650227623201661,0.23004230544404758,0.06329731156305074,3.7268353149927553,1
1212.8762815845316,81545.95113753626,68.79213109970839,60.92275218059666,50.642198804507274,0.6357002629272863,0.0,0.007185247150204799,0.14917783714841404,0.5167604956335357,1
289.95297258045827,991824.3422156763,102.83838259931804,9.876145934253572,4.886810322881692,0.1881054175160793,0.22593903841323668,0.40849960188096884,0.11223465312883535,0.3952289447345933,0
606.3789332633288,2527622.7635010127,129.4722551162717,7.771044029947642,4.810642563444844,0.4324944050965127,0.0,10.774735082139982,3.270279083597229,0.817589446287431,1
1700.7882937610225,5360432.079377927,73.44167929973447,1.5278971914073873,1.3095684663689786,0.34904790873969577,0.0,0.015248955214150331,0.0,5.95192605312321,1
0.0,671844.9328747686,122.06744171697065,9.340989217788156,6.679898145070303,0.3684710334573995,0.0,0.23017663669629262,0.0,0.08838198600816138,0
6499.425010968116,1695024.5892998762,181.1601685533388,36.598710318744324,21.014711509577374,0.9728957577520848,0.011407013707814644,0.24075112254844133,0.05785206836447051,0.012581573104197052,1
643.5610099960352,320116.50674146763,76.19699511365403,6.389283621336521,8.63811448131748,0.42714174654632514,0.04341728615614841,0.14913782297306577,0.1102197257198671,0.3526344624398207,0
4433.418279460787,1336565.8264963776,184.63077655532038,17.39542150321485,11.687476408160997,0.9741016015908827,0.0,0.0,0.0790647103734925,0.5535914538209226,1
0.0,10875.32719257864,142.04306023617573,0.6454650207774044,5.03305962831815,0.2475052278719474,0.23814740158789205,0.0,0.15129670224756564,0.41558279737695547,0
487.5725348976292,4578444.440016408,164.32270229781741,7.4161488862168135,2.8719746882751593,0.1645883836054354,0.0,0.9971565923576065,8.672983341409699,0.5255429784824528,0
4152.315972198262,610713.2295675226,367.7135176979733,25.86456352730904,10.700415408435267,0.9632514789545559,0.21924664925173706,0.0,0.0,0.9197520652885297,1
364.7817157641949,573357.6587918245,64.88173336594609,5.901210700820742,10.37381961398634,0.16070378481225064,0.002523620115777652,0.31158893358180706,0.05810505549770609,0.6259638606543332,0
739.2341129605472,5279379.0649126535,66.10876017791126,1.3624786556708646,3.6747717418166843,0.06457101582500024,0.0,0.15442606118526153,0.06175318111407056,6.640814483536131,1
1252.0641536270166,173087.0163421246,49.25841949303283,77.37559493676206,35.8475714832773,0.7536299214009059,0.04836200677083395,0.14769783114462912,0.11736405351158777,0.40026138961617763,1
96.04294180504351,531562.8156702647,132.71472421508622,12.382354413904645,2.996845895055647,0.2915373103911423,0.0,0.0,0.12874421243820494,0.0800973040307657,0
133.68593947268465,575831.3458632318,84.94961251009494,9.43476833885408,9.063451233174451,0.47914384448690944,0.03320651394324179,0.0040055278482987455,0.17980113104691337,0.8858940179594416,0
931.0735912116323,2262906.045185714,108.24938872662936,5.967941235611248,11.157578725702127,0.3393831531057055,0.11820437696473672,6.360110281345711,3.1872001288971226,1.547771194226323,1
597.9196987295018,4419075.7624826385,150.43109813613705,3.7926380837360862,6.756510402874733,0.2848234366281157,0.0,1.4868336642003186,9.136739068263868,0.04728367881204948,1
650.772372017248,152374.28109584004,28.48243650541304,56.899394812051916,27.019568825142713,0.6737234615333267,0.03723579439716607,0.1751012162165523,0.012711920264735506,0.0,1
786.9580594089197,87612.78821325657,209.49097379885313,32.5702959421275,60.83460222328351,0.7989647674789184,0.0,0.23449238197134192,0.0,0.7602233422870801,1
549.400499049423,529496.8156691905,124.3424955513579,0.0,4.820040524967321,0.2616089887893827,0.12138007079297043,0.20496118240074085,0.007237645114936395,0.09373803659902652,0
190.11955396228745,0.0,64.25381737386229,9.62853991659361,0.0,0.5085295014235625,0.012250123006935554,0.13135925371026164,0.11585127754938417,0.3230515811078604,0
5104.541600058463,913607.1443934066,325.35572620277316,52.566356712812876,14.595183298613511,0.9547546864947224,0.24237458314122162,0.11486474383746882,0.10906230048772511,0.0,1
213.67273748657243,103831.8951638001,131.241148174922,5.066209325978237,0.0,0.3445241659662605,0.0649616289011328,0.0,0.24258605771798342,0.31684418545679194,0
332.16423250800045,840568.3911034558,137.45524404477186,1.4147552676961963,9.040407204609732,0.19928510556164716,0.0,0.0,0.16764589913796907,0.16948173162664845,0
33.87785120438559,194198.71239054878,69.36777248806607,7.515241414663584,12.997723695078864,0.5632911552676978,0.13637657232522996,0.0,0.16330188964791964,0.008306455610185892,0
829.9585114417403,127341.02933093141,0.0,61.84124011142571,100.65682271305056,0.8847551608941567,0.09222812557486032,0.0018497696364402627,0.09799203471863199,0.19903598742130438,1
322.51733993575266,121414.88048044778,33.77529728675758,3.2014986442509334,1.4660387622265683,0.31355836109737334,0.08754170432713551,0.0,0.0,0.11847131136526945,0
0.0,374732.3953036428,55.15718122134558,2.548352104111121,8.992980065958752,0.3090763510828798,0.0960662966045566,0.0,0.058759930044875744,0.5805896559323509,0
38.090422365154694,46448.34888865471,96.00068196705845,4.962039853719441,3.9916773216996684,0.2783983527661551,5.791242605690601,0.1129669951051652,0.0,0.16721362697117514,1
642.8831979774621,1154025.4719961113,23.304747717347233,6.330111735882376,6.873747795754734,0.6350245059694823,0.13930037688679145,3.2098520832819517,2.5293830434148177,1.965218878439286,1
581.908203728728,0.0,44.283662355351005,10.271199302884163,16.175905070290614,0.3524617155150632,0.0,0.20642920340152388,0.10651902046377085,0.04362162398932323,0
99.39096252189532,610568.3114519623,156.68104401052636,8.752167554673926,11.626039801158637,0.29744914528718,0.0,0.03558263929774337,0.0,0.0,0
302.6877913538002,0.0,52.51024571184797,6.976904579693993,10.027444947603428,0.5479218882912995,0.0,0.16319624905712227,0.00398257278937738,0.11776573428059356,0
268.72086805113656,0.0,1.443531912692535,2.09104885133336,10.048915962124841,0.41392261515723316,0.05581985215917955,0.22907538745204237,0.0,0.0,0
290.72013430191663,710260.8036516127,97.43864639141896,4.325339813631964,2.736529352463206,0.43257851524362634,0.0,0.17172475642155696,0.1596226494392461,0.32387730713380763,0
152.40408981614263,86940.76924334424,147.60547763794307,0.0,1.9990910753377127,0.29027960272169007,0.0,0.0,0.03691576038991311,0.0,1
7853.213914220218,323221.3691100882,273.18394478586606,43.73095509774746,0.06660030422888497,1.0,0.0,0.0,0.12216534552339826,0.46545030462658105,1
523.8022229922647,701697.5393595722,157.53597148603706,3.018141661816111,8.159547352650236,0.2768598278774488,0.0,0.017212665992296955,0.09116260202995644,1.0005342808862707,0
292.18469322761564,397459.7232388015,49.2680406235516,9.894148585605157,4.825925282899899,0.45884122916896153,0.09672481929027434,0.0,0.041966103374572176,0.5777476346968374,1
1601.279197855739,6720081.287039502,24.55977419453754,2.4412508536717423,0.8642209480108378,0.22634033048034746,0.22727643843904194,0.13946274176954754,0.13303025831220616,7.266723391390997,1
425.52001964467007,0.0,76.22590512460958,1.3583793460548632,5.298122977471335,0.15464110673778453,0.013424451084151308,0.19186863269446286,0.0,0.7799713378345423,0
301.37211174812705,159461.7829462468,84.89873899731292,3.264976395775025,5.442444778077603,0.5324648156522916,0.19899243890100235,0.06484505681305087,0.0,0.34635181898948975,0
73.73134413578029,1181228.2936404697,135.53925836986926,6.447544998819071,0.0,0.4241043228038661,0.0,0.0,0.0,0.0,0
275.88908278567357,634859.1117393989,21.70747178444953,10.476092011130902,18.637194960098945,0.22360880216837728,0.0,0.2938644666141276,0.0,0.0,0
1026.295918880537,4902058.05208455,36.79043573671656,1.9246523082266942,2.208065532010135,0.5491584620099349,0.2558283959388489,0.0,0.07023656386183705,3.3631347183665197,1
1008.7759013544357,181121.07549625935,22.625172534057185,50.66668825923339,63.20554535052711,0.7103081430370735,0.4170117478852713,0.05622867960243416,0.1658897507651139,0.6573197954633732,1
512.3248800780269,993513.4377481649,102.50669156951933,9.116455331259854,19.70968873728083,0.22219557856674937,0.0,0.07265194367390793,0.08766835955308191,0.5797947756580465,0
516.0591494079426,229793.2033358716,84.65947165159822,9.845737509834038,20.285257842047095,0.3481570142152082,0.2812321710014065,0.20130819758230456,0.0,0.8509009789862484,0
729.7406000280563,229862.12224813076,84.08101990826998,50.77825481528903,88.62881593572752,0.6988500253903147,0.0,0.050631309294837154,0.040733767970647955,0.04723511027820282,1
321.08300247849286,937886.3124079686,115.07879583787042,11.81231502340998,11.325754629088486,0.2133765483185537,0.0,0.147150830509627,0.0,0.15881291178556212,0
435.798823044028,0.0,65.11404923141394,11.017381454388321,6.8420299279961565,0.37482111644466276,0.0,0.0,0.0,0.774924954108852,0
385.42178081103316,381789.8436066776,39.510898696465716,7.481915100583773,4.725570759887039,0.13710619270881574,0.042545486900793364,0.1810241782243763,0.07009710378369537,0.7369761840551626,0
898.1826572826195,432254.4710438389,128.90544312559922,44.01774926185482,51.92191575445907,0.7301651248921308,0.0,0.0,0.0,1.2940548998630144,1
1250.604751330799,7775483.565780088,91.11769164581835,1.0468075753166326,3.0287581693762817,0.38679116219959253,0.010158304932937283,0.25661544769381195,0.11932173766735735,5.7098525500048245,1
939.0405959715081,1851540.442098557,74.87795302735992,4.7112679853605695,5.848291903131365,0.5893019722365074,0.0,6.389884284131396,3.2086687670197334,0.2313993333112323,1
0.0,72310.16623863601,85.23952872032652,4.126024626049584,4.130399692847357,0.3371867632273885,0.0,0.0,0.0,0.6850663467511899,0
251.93074027290987,17110.603347912373,62.94000324825511,7.994909503511728,0.07165953640888212,0.5765751668617423,0.0,0.2043449767089205,0.21879883312666898,0.4205108142912744,0
726.8911224705063,6533586.437705481,138.7175574539696,8.568224779061849,4.855860358352253,0.3298466971497163,0.3166494075768508,3.1401887827410153,7.214261116827991,0.6277252111120619,1
446.3516527198286,356234.84043522447,12.63163849548063,12.413964280513568,15.847595817062217,0.34359442351211994,0.14835526851213426,0.0,0.0,0.42008234256178895,0
332.4787259995095,2476756.413633894,69.6493527785337,7.500428879733501,6.188417316207168,0.6793485991917145,0.2324797061834825,7.6405079476842195,2.1957951251516707,1.5302340000119665,1
279.7054129615101,213821.9031750224,1.2462841972499774,2.3631612967043405,2.36409030396468,0.3613220521566247,0.008111042125956237,0.11699744549536117,0.0829504094027099,0.0,0
793.9275804024284,5822056.196429655,113.83499276986008,8.086122272097647,2.72605526821396,0.3097702494644843,0.12846319010942434,4.074449676769081,8.244053806081478,0.34904651609714793,1
364.5203811897486,44346.29073043258,49.4496716603326,3.746304946904824,3.1473508329023914,0.4699927791123646,10.898216854628718,0.0,0.0,0.0,1
1243.8248914805474,236065.63466749527,52.559499079280734,2.1946732023788864,3.1088054973068573,0.5539941418291503,0.20213252239579754,0.25404012752235205,0.0,5.360094211527958,1
610.9177426972174,429590.31898086326,82.94988429604567,4.630041175514984,7.8720053908992025,0.5414705116880709,0.053163912063093684,0.04168342767837184,0.13665463318761412,0.8171833264049435,0
326.4907868236032,296679.5275105676,82.17639922140961,8.360047841890369,9.593492872578665,0.3926533514575588,0.0,0.020647831698015554,0.03999210233345744,0.18486010071909953,0
0.0,197801.36276036053,91.9335996466991,2.3621315908930285,14.563503044075317,0.2648566715519376,0.0,0.22575509961150036,0.025911712389156797,0.2186703805948533,0
7612.328620404185,700088.2142419005,136.33059866265972,16.416906592251344,7.460130605602703,0.9760297186066808,0.0,0.01360677137730086,0.0,0.7265723175239467,1
373.3552401455587,667703.9392133128,12.14176809468259,0.0,8.535366794206787,0.1724123902407469,0.23556661675635832,0.04094456519045764,0.019383021390163645,0.4581118268941571,0
0.0,0.0,71.79686090212118,0.0,15.47393184085427,0.5117148643849234,0.03890227494232316,0.15956204735109902,0.0,0.4150363923660233,0
128.075791610157,31107.096093326632,149.27940160329234,2.2085035078822703,3.428875376952381,0.3958054788855776,3.0695469630546053,0.13995098729821492,0.0,0.08351949674250088,1
0.0,482898.6684852745,195.6209622581452,4.40663454711598,13.198039652117176,0.22698586723568176,0.5899551984225853,0.18162233837991842,0.017229133686744516,0.0,0
279.4223391389421,447031.8986272083,119.12588646898294,6.0442265334847285,9.80771661793558,0.27910581012093977,0.0,0.39070532943839154,0.07847637442014481,0.2465081829739199,0
4882.681672621906,998613.2146176677,310.65226961742155,17.6608272081436,15.465463910505957,0.9678617074473048,0.2846907071300038,0.0,0.0,0.0,1
224.69131236851558,0.0,101.48498201425197,6.3276629041502535,14.727766761913836,0.28529206810133506,0.0,0.0,0.037282551341662674,0.06726064998028031,0
0.0,736349.7334169934,97.2830089688525,1.1137688443407177,7.129512546572688,0.3735417101803731,0.20820494398643766,0.2034235297798636,0.1996038806764972,0.0,0
566.9187887099075,2732707.69863117,98.94654285697068,7.748431930581214,11.058529051512782,0.40431037840562484,0.2589327560650865,6.810133723549237,2.1582322322413536,1.880980410970183,1
262.56081253803836,315557.2220254456,72.83215498884887,13.343818723272909,6.636588762934185,0.517069178587005,0.0,0.11440149314253957,0.17559825568858012,0.5691416711227985,0
3881.758694173688,1403965.8200891525,195.56803609281872,11.92929427620112,15.243070267597727,0.9684017651178699,0.0018626660751277849,0.3944886043395667,0.0,0.10535804002223387,1
320.538792415992,382113.10910348746,104.30344260072394,6.05123342008449,10.417624623534081,0.36282982911057815,0.0,0.02967868790405548,0.07786480788327038,0.633493420662373,0
130.47826807328917,723134.714069943,126.37406544911434,10.030501084000681,12.452083990845416,0.2871870056265218,0.15912073677974728,0.0,0.08363856101887998,0.029161870774957466,0
556.9510607357474,184345.89115622902,33.03937014227813,74.49115595344665,79.71383981050107,0.690736930238728,0.0,0.0,0.03363256202907078,0.0771494920621707,1
787.5812707872499,601004.302930553,105.42980341511316,0.0,2.406452606456746,0.1437065605540129,0.08721251812691662,0.3954635561120134,0.03623124548413029,0.0,0
3132.3969413709715,1673790.2323491506,145.0572352695459,49.03427409342197,6.592886096341778,0.956223406156324,0.12042649369032074,0.10378498672201653,0.005270454511217652,0.9343254243052825,1
360.8214882996444,498094.4125000151,34.06061019653676,0.0,2.6328468639874743,0.32933260591664715,0.0,0.0,0.0,0.7653392016997314,0
59.33709330529143,448737.8590547429,128.54764240507632,6.087684508365292,7.931379199082199,0.18825451945520896,0.005878530242905647,0.19213888015918665,0.10932719998740353,0.46769753786342666,0
209.4841757492785,692201.9046380479,118.87924752169963,7.106876269881142,1.856565983320138,0.272357802258377,0.01553385502776434,0.42231095456741596,0.10682473215732624,0.0,0
599.9707377185784,1149203.8200423387,91.71903334638567,2.8012852827588848,19.832226401403396,0.4769442797810821,0.15462136865680765,5.664527775778998,4.61617201471012,2.563739993575385,1
1152.0613677713275,284463.29751779576,142.8350627614808,81.07123730744104,73.62043049847078,0.7687389019142349,0.0,0.0,0.026192685582373712,0.0,1
432.6062709141206,608173.3592243781,60.405799313722994,1.1749363761024485,13.54898530336904,0.2215918087383748,0.12317490969396415,0.11029498776757143,0.012683571628312004,0.3417040578137592,0
284.62070609776947,1651162.9134210162,155.6839575427946,10.07718250639417,13.862316236227942,0.20069601544662014,0.17007875072672568,7.085410263478016,4.880646370876935,3.034776726483834,1
227.79630876712326,239951.563338175,27.089165175863144,0.0,12.172964960307677,0.3339169111687504,0.0,0.0,0.0,0.24583531457103563,0
90.49995192616416,34597.08755028936,98.48954741952778,3.0123387306684717,1.2984643601405332,0.4601808238115076,6.1948384305534905,0.333819625987414,0.0,0.10085885918869271,1
407.3290002582328,593431.2278120165,124.13925342242302,11.10771932990743,15.112867459240455,0.5599952995731078,0.0,0.09804754142392946,0.034694431995507286,0.0,0
491.66635131003767,1441362.2658657902,91.99296834931256,4.067201915620026,0.0,0.4948997528355925,0.19143799944501738,2.5369671575321933,7.157417856917908,0.29186921605822475,1
472.38511745181273,658464.3869667875,80.1294997754662,7.2834724952154275,10.501939759142779,0.49022130003463193,0.34464511782951546,0.2523296459914766,0.03558922959059475,0.2071869402587361,0
172.1503977396105,323494.81993451866,106.61504331466207,0.0,7.635194234355976,0.38006729195760436,0.264995665802399,0.06595086188610197,0.0,0.5180051054688659,0
435.90898278983445,743849.2744767887,53.60992570316614,0.04758122655822383,12.344379343161737,0.3428431209184568,0.13396849205353709,0.041799625169699456,0.0,0.0,0
760.123426110605,103549.69984994456,128.47583564518476,0.0,2.822384430691324,0.3223494249082127,0.01879733357248961,0.015203370619037732,0.0950825768557931,0.8031580687565449,0
5903.674993319436,1307274.178487515,228.93286364398483,44.094805448965715,10.18549308092627,0.9822528767071482,0.24282388601211305,0.1731472229089928,0.0,0.7438091891979547,1
599.718525150842,1890247.0912222967,216.7516833804903,9.133221767782207,12.574783220130596,0.3432914302448265,0.0,6.009299794707699,0.19627413939312222,2.188295518788765,1
488.39848258372683,638388.4466428572,127.94567480912639,5.143836279538369,8.458261523359115,0.1342199477450011,0.24075017420175102,0.025335082493382052,0.07796218140877711,0.14710716872617646,0
1269.4274453552566,2821311.6443120167,0.0,17.27871909566654,22.31228678710439,0.21827090178062641,0.09195214513853373,0.8693398854696559,11.608342301071946,0.09611475717551854,1
510.1610461727086,3587942.7645221143,31.044998427393175,1.6909264351178663,10.61539734055274,0.5345662901150946,0.1471188701148125,1.548206229750122,2.7398244697738234,2.889895828416173,1
824.0903563793457,1755889.1853620189,139.16065207090713,7.900157035971469,16.69751240524118,0.19976171098781362,0.0,3.8248860439495798,3.8931570508392177,1.987593086795545,1
133.8245506986082,276663.9340139809,56.45510529135045,12.762969548782728,13.685589468655131,0.30169389234135263,0.0,0.0,0.0,0.1315230195411124,0
296.4044028762092,823517.9122578405,82.49417263075026,20.226471974538196,2.4749872814312983,0.30582281195463334,0.04333991329009204,0.0,0.20794758213285208,0.2478454352582929,0
582.5734679435507,85287.41854954921,165.76211611365648,2.491571565484366,1.762887718230649,0.26127735942208385,5.170792633696523,0.1918980554317932,0.0,0.1296506768863377,1
292.18897773501794,0.0,112.73059284489908,6.062892511759166,25.38773225495731,0.48509239395825715,0.05278076094854468,0.20752021899477208,0.0,1.249725079308342,0
1148.3358465187034,1639920.8037933176,184.8148153453495,12.88651327945114,2.9082776247738282,0.2966742207401124,0.0,7.311551817443837,1.0914043244741758,1.6046798245426428,1
405.0699142725884,36422.01707916882,68.66432480343394,5.088833277751476,0.23964350217497765,0.2770023783719147,11.281046988422421,0.0,0.012270106400417168,0.0,1
609.9686591021409,448195.174630913,43.81484254810042,0.7186729585466605,15.971198165181287,0.32015091953194447,0.0,0.0,0.0,0.7983550652244527,0
3854.073770389008,405748.2659723144,208.84656880724782,15.187853154030481,25.456444341538607,0.9787994312430236,0.07932286473191474,0.0,0.18104524163937225,0.2762856730989491,1
4823.980823327351,1167764.7316014986,184.61255875362104,24.551625413699696,5.816655576461108,0.9277288458759257,0.2650710549410208,0.34309510090967865,0.07256781731699392,0.1470919044763863,1
494.2901038264665,0.0,109.79159714020932,6.8280607511632585,10.272682206787344,0.15194017670457163,0.0,0.0,0.0,0.0,0
3.7900791538551175,681441.2784999632,60.336718003982966,0.0,15.474742675945254,0.23141467290337542,0.0,0.18388834469791648,0.014249407871361974,0.32811927391258683,0
2436.8108913488736,3646295.781799297,56.37323952696832,1.599616052198177,0.8550430700726329,0.4243777199825844,0.12936594023454218,0.1316364910673529,0.10760612528636257,6.244249015819233,1
409.4889339296775,130751.80586459104,125.87769837702871,3.080565304538905,14.320957972795222,0.42696765832340633,0.0,0.2788221700699192,0.09398242087857539,0.0,0
703.1245518383296,758522.3034104817,69.14807342726039,0.0,10.910868400779485,0.30299188238280617,0.0,0.0,0.04337190986659624,0.0,0
8563.899711671904,1915860.2180543796,170.90982785553422,29.890488078328456,1.1508505300406817,0.9771616008895863,0.0,0.2695601830396895,0.04235048666267262,0.020980925414601337,1
284.9503260792646,5052777.365507828,199.5145047738444,0.0,5.7654738349691,0.44967351483937873,0.0,3.137697616370068,6.253013513276051,1.091275666467272,1
412.0655127892839,34364.781323774405,156.29826248383284,0.0,0.0,0.30843947109332637,2.4362580725840033,0.2657780955875171,0.019596737799742418,0.0,1
740.774320692269,3907184.4019790227,125.35764159351473,4.056670563763096,2.332740431985105,0.4372452788153811,0.0,2.938055629308943,9.417002631977844,0.8244556139509107,1
364.82650201524956,0.0,80.11585152916795,0.0,8.605027267956462,0.15949307236372678,0.0,0.35486828238584767,0.26430207799728545,0.36800431019653906,0
331.97824685465685,1260245.7636945907,85.49423016620806,11.95796807091283,14.211491626403475,0.37815736721600546,0.0,0.20818769188704328,0.0,0.3581031197387769,0
359.36394741122234,721536.5486674043,57.07666207081023,4.838163803116144,2.53358185171642,0.573839258910285,0.03334051617321682,0.08597299099523137,0.13822257978620583,0.31139247876205994,0
768.0276728824842,4782048.405333973,73.713527783831,1.2248459922903694,0.47578654478944893,0.3771033003838396,0.0,0.19157431895960036,0.0026159349655906702,5.033337888396595,1
1649.7960672253184,6545677.025193441,101.18798051243704,2.493001388746206,1.3421009823034253,0.4003073910992318,0.00576203954577869,0.0,0.003990346542507191,2.0033126078649075,1
629.738569609877,420364.0518253611,150.9791268831557,9.161880962828992,7.526699008795884,0.46540927154521605,0.06348648178074207,0.31807570612235747,0.0,0.20682589832094195,0
111.85742115224008,121106.45527773345,55.2518906886787,13.033077668253222,10.174910327288767,0.03160108644865184,0.08747800665607613,0.08784834198043083,0.0931907989799386,0.4714927323357627,0
243.09452365942383,213308.93959140975,27.486023677968845,9.126059652897329,10.546174327659333,0.3967336127829004,0.006649992223681126,0.5027449909935184,0.07093968757737579,0.29810999239576474,0
937.5991568253318,124305.22787611582,122.69852068207649,7.5731854528656,11.235018539242999,0.3834355218168892,0.163777451545945,7.993580551450966,4.516496467461287,2.1448609297600334,1
4018.299550666401,1141277.0193101591,220.29863489454476,28.586216346112217,7.4095038218411355,0.9552488970955838,0.0,0.25384627315943176,0.2001227099315594,0.2683059198859414,1
310.7845198730126,733699.13504467,80.96211535397717,11.538386697418801,4.985729254957066,0.4188758372727846,0.018197517640789633,0.08604968504517983,0.0,0.20093153488544732,0
522.3792794517701,2431018.5296445936,156.28931443200244,10.172260588077334,13.59527797447878,0.5498909042385818,0.15013066720175164,7.178800791959897,1.8040722739301824,3.1190018081472926,1
1472.645860909836,6263.319972858677,116.39168733497142,72.56300763702868,63.006661781454106,0.7950956304989183,0.0,0.128548687749375,0.20877563658328596,1.0361920958720985,1
7293.434345509624,1628620.686256291,126.55175908298496,27.6506944125122,14.287631987602524,0.9900502144408949,0.19622480380282356,0.1477873179054111,0.08829114533278465,0.0,1
304.1821863651883,828794.2095744414,132.95583286240213,7.130540050221857,14.354240247068713,0.49300202653297975,0.0852576060016709,0.21922376008862587,0.010373026478504431,0.6660044394447329,0
705.496568156683,167027.42680718296,106.82867951788583,6.094955933200541,8.681061071581441,0.23932803295561533,0.08762352287098951,0.07609930599722159,0.0,0.0,0
321.5310128101676,154124.27922026388,97.48048808740967,12.404721043902121,0.0,0.5805532138031935,0.0,0.3479827612665124,0.07265138076037674,1.0538596686456798,0
790.4898198888034,4930385.056408159,67.71976220448369,9.567313804876042,6.894210470586144,0.29414067711744524,0.0,5.106861899934591,5.6966566121323305,0.8599107766859976,1
837.2469461923047,143967.73014579312,49.37184370031259,41.35102474738588,38.26802750435326,0.70710917239325,0.07000307847932881,0.06127097345224373,0.061679900685132294,0.8904189222537247,1
140.05179883951135,499773.8421976314,119.9563464489316,7.968624996571988,9.454749299786117,0.0965417881920125,0.027597005934193227,0.10221537705428489,0.03263210207515932,0.0,0
339.87123061019935,0.0,51.676788077449615,9.611370735890013,13.844923404137692,0.3201594666238635,0.0,0.07145621387272647,0.08786719126664178,0.0,0
462.3451019042145,242674.9650272753,78.63687981285798,11.743711749113714,16.18090025457675,0.21853269176821322,0.0,0.0,0.10872212353377426,0.2970759748262266,0
578.2750025584331,53359.31174727403,119.3935054689183,1.5028342594166806,0.03210640817993049,0.36730699722731097,10.587943229021729,0.3054846170107838,0.08647663250292903,0.0,1
386.3273372993957,5077334.671908567,79.97382550731352,7.7261978985123685,5.598051332972395,0.1343956567869114,0.07080764422523084,1.9582990671299618,1.3331697058038774,0.48009907970607585,1
1558.2394236131047,5253121.371962045,49.38957643257057,0.5878347013851435,1.9869304410933395,0.3086320879693228,0.05602155567380135,0.23391948016633018,0.02386610831320011,4.036429874511375,1
426.94508044228,4544631.32689007,142.94527759416067,0.006771496546402744,8.73356371026491,0.3021197624791586,0.06861926899783177,1.8397389973863314,7.165784085348615,1.3923945153437312,1
341.00344564533106,485084.7586781491,107.15336103721165,0.0,9.607842330919581,0.33087737346030327,0.0,0.0,0.15363746936105216,0.46333295174276834,0
731.5111228083526,2620559.1190869715,134.7232573704247,5.375104193509875,7.867374869240497,0.23477084830434466,0.0,5.415093899305109,2.196193147515058,0.3408169146205408,1
291.8051784215437,707587.1519524275,45.25601659801939,13.105379690348919,12.852917713795577,0.24945375169286005,0.3306323058473538,0.25106493810842934,0.07875899157705409,0.41126876290383374,0
260.8654598378791,307920.5347620804,106.80040476617899,13.290854037395547,10.610153928111135,0.49649681607696117,0.1092582708507514,0.05235647602198239,0.06271322286685801,0.0,0
476.70000969555076,548286.3906000108,21.00767052369403,3.790721088535653,18.626459976212125,0.4814733628457398,0.0,0.0,0.08536143197666235,0.1975422051755299,0
264.72502069977617,0.0,31.10852699346293,0.0,21.390145546205133,0.4302319724155075,0.17458282454432447,0.14330486191733893,0.015058271457713338,0.14503991255926546,0
767.7220680374573,2334871.9633263876,141.13051947035515,12.753963242368501,11.884681098655891,0.1183189175946798,0.0,5.099613112960307,6.2899148916491425,1.888250371629119,1
400.65788550851664,570932.7498819283,0.0,0.7607989056508995,11.548106719234527,0.682437005601324,0.1600167261935203,0.214213774224774,0.0,0.7870965265826508,0
485.37679723732043,2247382.4021206205,34.489073882374804,6.957504826020623,14.844204413338419,0.49291125367952815,0.03533376804662315,0.9043922595094804,6.707527320684393,0.03674876197709087,1
473.9034783735102,845310.189202173,90.12098044031335,9.567302312222438,11.969587827139792,0.3417283640396596,0.0,0.03503371680048069,0.03872305108075864,1.1212291320871248,0
202.22901019624,154407.35945548222,114.89315359250361,2.6351449113626764,16.202522399461202,0.3743496928001383,0.216685202871917,0.1881454958609709,0.036800659989185844,0.3169929056737593,0
267.11979437261664,291766.0287750012,107.54884446801096,7.618594477895325,0.0,0.39069749663197767,0.0,0.0639296071780537,0.07186861951981621,0.30302084989106526,0
126.9528638849253,54428.23624321962,19.612381164263994,1.736753760116098,1.0838661403117829,0.32520551627175065,7.266098353041678,0.06176515612761962,0.06955764850951257,0.0,1
343.6674470249814,1036658.3042706081,77.37021779348001,7.1550498862775695,10.937455382428338,0.24987421406347704,0.0,0.0,0.078523390263636,0.39563496582973007,0
332.96604318186405,0.0,70.57568297481035,5.54840494872435,8.371280078113136,0.33841928142548383,0.0,0.23347300723824582,0.0,0.30250907563985313,0
1495.4679962861335,10515040.041020744,99.90083995853661,1.522818329223464,2.868627651803056,0.4543082898081749,0.1776165789461394,0.1903227624735626,0.013340640078326867,3.3314044762227217,1
171.99499688774233,3909.571798735531,104.77822649311429,0.49717333484924175,15.35852166490941,0.5254631751878153,0.0,0.0,0.020067472448863283,0.5266960858323626,0
596.4360785592785,567656.2050912662,57.366185109503434,11.406873969685734,11.805688959406128,0.09725086354784729,0.0,0.0,0.152700959855896,0.0,0
1464.2813612754626,231653.24925077957,55.35069349499767,73.17073096265653,116.1700577677369,0.9354198233356936,0.0,0.0,0.0,0.38008096393389074,1
1206.464898348028,8029601.172368776,108.20006382648796,0.7578885358539603,1.3837095149927092,0.2786146253636821,0.030010574783761883,0.39878799246243407,0.08833823758364623,4.125031218778803,1
125.308815476326,6582.896403470659,88.99241861729479,0.0,1.9116130660066086,0.4100963552076507,10.331490012064357,0.21396601290923523,0.0,0.0,1
630.9230385495533,893885.75961343,109.88845541613603,10.84122796185647,13.75708271110608,0.27419877933785136,0.0,0.1700403457011822,0.16641827171138512,0.0,0
645.2440487584522,1834894.1973204291,117.22245032648114,0.8571742577567516,17.65735015508773,0.33518090445356225,0.13311245212219178,6.029238013456985,5.11643414326055,0.0,1
116.9994623194915,177885.01817950304,29.672167118818102,7.748859088575296,5.750544829234333,0.30522075088405537,0.27556080089342583,0.16342308981168785,0.0635148796606994,0.2972872708180299,0
287.73920741904413,706937.9039335494,5.0634562519200585,15.25231616921877,4.458540763409611,0.1517357355157022,0.18454045632686653,0.34075099510063167,0.0,0.0,0
962.3728089041169,1425719.5794972493,81.42565190655066,10.091628575445093,6.400887878859422,0.22515879767446245,0.0989523847885867,1.828528221608713,2.6781550150977163,0.47989321432882703,1
386.3041902861185,366059.2459681639,9.440030756932728,13.1476598728422,14.198384402145596,0.4812756668757078,0.32068287350765523,0.17614773410551504,0.057664600892471905,0.06019992322203016,0
426.8950197050522,3042799.0344626824,100.94887323983689,2.933134083157709,4.646289073495935,0.48250653412555294,0.13869848116561856,11.02964372370839,1.8059666444221905,1.7076683491952793,1
283.97232015869525,110730.18296941934,99.94447651629945,0.6768697335246165,3.094438987877788,0.0363332911422955,8.707248589281857,0.07468559524683346,0.02456263189836955,0.39284497255010586,1
64.96842333256265,0.0,113.21993200671245,4.108573913178968,7.495304794933363,0.2637949490818151,0.2585488452553415,0.0,0.0,0.522704403140114,0
351.0658251899815,488174.3606400944,0.0,9.053710778980971,11.175557998179592,0.26886306106180385,0.21399831925399204,0.22683469591980696,0.18165780908945678,0.0,0
336.47363207117746,672570.8736092543,129.80356627530244,1.2737172406331192,5.230080087669522,0.3110761035205505,0.007030784745873129,0.1827272042380147,0.09219658473175896,1.131796364784579,0
2411.3270359083212,1119880.4796381493,310.09151648559674,32.641420154128404,6.90737945671213,0.9696008871093569,0.0,0.10076847952454628,0.016670370678070888,0.1533805276320258,1
584.5254438262341,2655094.5183078106,76.17954826297476,5.981360010071512,11.257871820382654,0.010657196004511982,0.0,3.6461702146893513,10.3081628237584,0.4455564232311449,1
564.6537635432786,753895.5890003057,85.52723879737144,1.1077955997928273,9.449562471397359,0.10389326113338002,0.0,0.35811439922117205,0.0749653139263118,0.1316465664788562,0
0.5068292644169219,551271.6125484305,56.03974937722084,7.605230045824179,3.643606744571949,0.33382808080490844,0.1716017052958564,0.05404154977751406,0.048598901027871975,0.0,0
1675.8488839578324,11515512.367650324,52.381970475189334,1.4431920058078715,0.4060322473963196,0.08501825742227032,0.13816503154338494,0.23736212343904922,0.0,2.6753086328148377,1
2274.826359859479,4641829.804372984,27.484562643106337,1.3928002371317405,3.347060233007612,0.4135257399738512,0.0005106614389885043,0.12094859847250575,0.0,2.780785146673133,1
6193.493831963272,1873323.5916586383,173.75527323049604,34.434901684706965,14.48333393768579,0.9646927325376925,0.09484196389714827,0.31655533493595867,0.05102099829228199,0.48856325074760054,1
1363.197221031835,0.0,120.73263090372048,31.714495792481983,28.782845227634326,0.7613840934141834,0.12001699904473935,0.13806834276169377,0.042560918791410905,0.0,1
289.3266353904432,0.0,91.35260584746881,0.0,6.907363912792188,0.41956358325522314,0.015146884016161632,0.0,0.06277731075164322,0.08032039272080627,0
434.7560859615853,154853.79150429717,109.39878785759151,11.953003394339593,7.249357685081528,0.36920986690818103,0.16821607527089572,0.16556461132757866,0.0,0.38173915362068767,0
125.16310447010838,0.0,94.98922499543221,3.7934275305215865,9.661083466688147,0.35039410885688327,0.0,0.019622552544209124,0.05448391570364217,0.0,1
120.73177723217216,570174.1473224062,45.06412788660281,13.204062990021317,13.542710212046668,0.43224748182732214,0.04107874128191933,0.3675553751728565,0.05057699702669079,0.6608186385947526,0
119.59015245406732,413655.57096125255,95.38025360712815,8.348636698675243,4.373023427400328,0.04815519462843071,0.03703224782574837,0.10557352525858085,0.018562490870618502,0.2863196257491858,0
246.7259174569415,403022.47165678255,149.6190156160799,0.0,10.082012043983482,0.3646809669535043,0.1933967263320346,0.012067963656280142,0.034338063031405505,0.04968069068318026,0
1106.7681466125925,4573734.711366432,40.417568737127574,3.130462989415895,2.7667588218970023,0.323660702356111,0.0,0.10723879310021642,0.04712243570779864,5.209468350057278,1
530.8244768241175,616685.708711831,75.37914121675198,1.5828742195618206,8.69492029734431,0.3604731879751711,0.0,0.23191505018173547,0.0,0.0,0
1214.7448959369046,380245.9237240151,178.5106769634855,53.34948671890917,58.09294050360241,0.6849967280476222,0.005262461988873358,0.3741298461871197,0.0,0.37928848418679767,1
347.9772789803239,85554.23142969771,65.17714626184029,9.586742288043386,16.82598079596287,0.27180378654433224,0.0,0.09263161354081986,0.12237833201251197,0.16140359139929722,0
513.421512257668,117852.63568916278,99.87142358394681,3.4891009259763286,0.8131387726129216,0.2603733002038159,10.075699532536534,0.16076190494013973,0.1849456923649328,0.0,1
1363.8786021458748,6003724.531434604,61.47486976633024,1.8359415901800111,2.1239909603631792,0.19091026469604835,0.09746512718041335,0.5039292684998562,0.022143756213154987,3.0334114947469946,1
236.77667732037793,1110609.6817115014,75.35762758504907,4.58418335556747,7.110380155457127,0.17019531116414013,0.16799904674149094,0.0,0.1214906835687552,0.24746853372300087,0
1287.151604214863,2331158.2019848796,55.322795506242414,1.6060054858216222,3.062949516740723,0.24811697060865545,0.1348830601352261,0.2120266040265572,0.008722909562226891,4.887643182184338,1
199.4524950780471,4936952.011742779,20.510904693835187,3.7560554192029283,1.204920037446886,0.2574127765218043,0.0,3.2165520948622794,0.6171832482622692,0.5965241865005418,1
536.2913480756188,5636852.749146856,95.5596129535717,1.748058499706799,5.843787536741316,0.30197311004817523,0.21888539254568143,2.007331040314271,10.744877199473134,0.5756987598740714,1
360.1543536725495,896367.701850675,140.47886844890542,7.875540818770954,5.752113867386108,0.23494745683429297,0.23866672045747145,0.1548369889085786,0.0,0.0,0
1623.6070888099857,7905328.1893108385,51.10005548719445,1.5866510579460025,1.892211669327814,0.2188507461986074,0.15787103607608108,0.34492199219737163,0.025844645625554528,4.135056154690384,1
668.1798196509576,3404727.893331848,121.36108057653769,14.189399432243897,0.3677712152760506,0.46368193614146525,0.0,3.4710311068171027,3.6946098759395385,0.8276219637271914,1
330.01192993254494,113526.20983930491,171.41327073544846,6.043315994093902,2.281046361576898,0.36620441608612986,1.8846009648890378,0.11480910007040997,0.0,0.4311231052247655,1
117.2537859040385,87432.86558248379,71.1540055552467,6.764159464431461,1.983159733870059,0.22059276759034135,5.1667070759463645,0.06716473215080115,0.018709179938427314,0.4816677826171037,1
242.3589011168881,211474.0260142759,44.25856542931755,4.16202266919907,4.406472520270059,0.12928208802610855,0.19360047092684193,0.01272886072756789,0.0,1.086206364897032,0
213.00793660422767,398056.0619509806,154.1810898354011,10.675543805113918,17.81834258705127,0.7194765476384937,0.0,0.040111049861783724,0.06667342894910255,0.6826232089935275,0
1082.5225816474854,3893004.786982451,65.76823606845923,12.444285028850047,6.44053482097891,0.09607828127002846,0.0,2.6755435222592245,10.615465022781429,0.46862194451922595,1
293.436771237658,140012.7670839101,94.2726781833745,3.4950257116101953,3.886960158076925,0.28993647203383205,5.1338015574780576,0.0841065042185393,0.005790883382300917,0.2960252416327266,1
381.3424534403791,581459.9165714403,86.27470352873235,6.90715698975181,3.5689496595385473,0.34721763886549434,0.023044252498523307,0.22724278365599948,0.0,0.11549885708968866,0
613.2086505723184,213933.46898338303,36.128445113463364,4.498458708818434,14.836754168614444,0.3168721177217389,0.0,0.198759616497591,0.0,1.0680417862947322,0
161.07159555364797,125715.81068650383,111.52209773498488,6.876096194172984,0.38697706457475833,0.23506242093345084,11.725171486100459,0.0,0.0,0.0,1
400.3379865577515,440391.05659488594,60.97918271533562,0.0,19.046590094371773,0.24182836103159908,0.0,0.0,0.0,0.02374742654137929,0
351.11980775209287,0.0,0.0,4.422009838272849,0.4755225648068704,0.25360952044307444,8.53219964107761,0.2024720670556983,0.03362552012977445,0.06695109436811911,1
1410.7935348199335,5473424.857487117,56.248160951253304,0.918868403857662,0.7228701848053697,0.22283879398015,0.0,0.3852521087385419,0.0,4.459499096135937,1
286.8512750173852,4785706.991841659,74.42077441525228,5.258125092048695,2.7613911055710627,0.3224122942769062,0.20142515005230074,3.791350790545261,6.30107467658053,0.0,1
693.8564952296756,352085.64206002123,47.793590257311685,9.788883804680935,0.0,0.3997476491104506,0.36398803838012483,0.2845779111234351,0.10386633328459871,0.13541474235250583,0
400.6064690100879,741545.2179002094,51.42475826757733,0.0,3.380413094338505,0.3414401418272466,0.04097655564585639,0.13191057227935774,0.0686174647263399,0.5405710001178479,0
38.16336700750742,579074.0058034963,83.84624228435466,13.155495827946487,6.68496735233027,0.2977646913416816,0.0,0.09546338969665238,0.11954396367750804,0.0,0
74.34650260371822,419495.1211447973,100.31981995756955,3.6119885333341033,20.968478510454677,0.16699556300076676,0.0,0.0,0.0,0.0,0
2389.475998757386,1808363.4279940429,290.2083607175741,21.683828106421768,11.847615580493493,0.9630467157768798,0.1871193526116001,0.01590738548788148,0.0357767190980938,0.8087252126543036,1
2001.1368618993006,3102043.42965561,39.0099250280578,1.6462842555101922,2.1474262779104683,0.266873285608168,0.0,0.0,0.11556699674981716,7.473084187101136,1
272.0502517983881,800709.0043760983,25.907452681002823,6.566852690126117,6.848355878768215,0.4192972148356465,0.0,0.0,0.15220612172345593,0.06281588775386932,0
434.7447624772019,859580.3063254881,66.87476765021921,7.409042743417761,4.990379968168212,0.2509876420833317,0.4563132135361786,0.07557816117136594,0.0,0.08154757131579671,0
486.3843962937381,665742.8783086564,43.703096147488324,11.789845262827747,9.031938039762643,0.7030967202897032,0.24521040930526178,0.05843151134414783,0.08303942721382028,0.6174439797929834,0
162.16505992983411,200741.03273352672,88.15509214299473,6.885246737549562,18.117148075855106,0.4471973736248953,0.33161097799564065,0.10653882919060065,0.09491139552493344,0.7251166154100208,0
114.90277980351658,0.0,0.0,2.332118282494797,12.609300014063518,0.4767749810600198,0.0,0.180632270402846,0.07464772276112644,0.49922523815005126,0
491.3696575651802,575844.8394079597,80.769317166168,4.47538914530419,0.9587496898137111,0.15431118647309178,0.0,0.08614152104705468,0.0,0.8649849055393888,0
336.58279851813967,36195.129104601045,54.19497891190897,6.2310163790747675,6.173998432504499,0.30605044910907536,0.05108260416295285,0.15787798654758206,0.017250645625933113,0.3358661790824206,0
246.50003069119953,486067.12020295754,130.40949116803026,4.097836195089942,13.775231928133156,0.28879405933334573,0.0,0.18376547010951466,0.0,1.085259405906428,0
100.82401309909324,2263979.056533623,114.15723164861005,11.272972188242878,18.328928807453607,0.3246591919603314,0.0,6.822898477291455,1.911431168422039,2.2777271439321956,1
586.6619985786151,494089.775700162,42.63080789965895,0.0,11.208060218967113,0.10913071360971222,0.08104988436500057,0.02495518725822815,0.08752287093968714,0.24238913587539168,0
393.7691223191647,196805.90527063608,10.232278611767043,0.0,7.929891392934586,0.49006641386557215,0.0017953246328164425,0.1780914084396819,0.0,0.21851894994561005,0
696.6414450532777,432330.7487217523,121.58508139225586,47.45842294029597,29.579278533296204,0.8165341292314062,0.25512814265189787,0.0,0.0,0.3089973156349264,1
362.38070629578743,430511.5742496692,59.0485679982624,4.689478886276855,6.032538707030355,0.5936847447510301,0.0,0.022391815386565553,0.08084470444387776,0.9039627750581004,0
459.9981300352866,556854.7245129804,5.486714584147549,16.99423926741166,11.480877264334328,0.3160555029735176,0.3184375953295173,0.23238313453663784,0.04063386711348519,0.0,0
1802.4738111181832,4619099.186170207,26.48521879962292,0.7359960840283939,2.798501656194275,0.29699907716829227,0.0,0.36607148316132765,0.09957657350434974,3.5790024557612683,1
479.55091272223143,711013.1221266172,221.42930867997853,1.7573751232367938,10.202806326457505,0.3634712050617383,0.0,0.37974848914880915,0.14011494944034425,0.25615278459164087,0
116.00830147937347,0.0,35.92987363522851,0.0,4.498685578547205,0.2918958467839469,0.11751332028360965,0.0389312285956865,0.16700138660959823,0.7835864975452375,1
4045.7193208002736,1250255.2384125611,205.9185151490114,28.83838482227828,12.764733029034435,0.9880657697089456,0.0,0.0,0.09279136894423037,0.5649104047824609,1
72.51875449340326,391113.0626832766,0.0,1.8682841158554586,3.3303969862794043,0.01,0.1113077191241302,0.09029502023416479,0.1011330132711854,0.7078283960459043,0
433.63188065093726,816930.1503703945,81.19660533198369,8.101614148880646,7.5186848650363025,0.3178770279754423,0.0,0.1479323793537202,0.0870359207794976,0.7671965749308611,0
319.0780639903872,74887.37871830224,56.01062873260983,4.842766011556045,16.08316357447182,0.2543473163156286,0.0,0.08763665649782687,0.16497939662761874,1.5681302368044583,0
1614.5037005223862,4676326.071015382,41.35326740819018,1.4845227146209206,2.625888220412252,0.3411475806033749,0.0,0.1295609759592139,0.004296508970553205,4.418075358067272,1
652.6085023320882,208921.47847031162,78.01913697104199,2.365028137963265,11.515203649743633,0.25017145852067774,0.0,0.15575326399178574,0.08682408249729445,0.0,0
194.19252285582564,176132.29927572707,96.01068664693075,2.7360185307710276,22.451026800065915,0.3683245452781697,0.04964341893795899,0.20120337593789706,0.013356891009628002,0.6753189415680828,0
4633.331109716544,329311.1987681171,271.33275276961973,31.26645068646038,19.460406330249082,0.967832463120917,0.21321831252464615,0.2069678180784282,0.09336743554764411,0.09976945384608232,1
22.68335332773188,293842.8771200349,61.76660814123211,0.7182676824827112,4.936212347597811,0.2673616561406352,0.0,0.14679177613421748,0.12668102872459863,0.27580800963829755,0
5515.513375559065,1642176.6873339252,157.07565420704685,21.127152959585842,3.1174849791676564,0.9890938501211257,0.07429466832576974,0.5086593251868554,0.07471924465399127,0.9894282471245627,1
2082.505593634088,5384294.976069023,75.24216356959904,2.0745872734852133,1.9614141144174626,0.4753570611646228,0.046493020495885384,0.10265413898072613,0.0,3.26371967108291,1
5796.577787265789,1014514.3554835322,219.86313030467295,45.65511008951968,18.386220974516537,0.9765780233856947,0.10797479342206497,0.3437647055710203,0.013827910741187492,0.0,1
1670.0852311037017,167088.0684948524,74.47503135532162,56.753006953063185,50.42080765910291,0.6878439433368787,0.055580906741464486,0.13286496659217575,0.10717023116716434,0.7861171020400436,1
440.61426359639415,970308.6511095383,106.58607387688886,7.298056739516072,0.0,0.2617068993247009,0.0015748377139095937,0.08759730670359936,0.019317776542256363,0.7881655170459825,0
5204.843487546449,451280.4842802844,333.36044904341725,33.530922687211884,7.032480073907391,0.9372806529259128,0.0,0.03772353095736407,0.1356194981629698,0.2529503309874609,1
464.64530348814833,899481.9427808428,145.88831098939266,7.142303408661606,6.284286362076336,0.32553962189460234,0.24945154694869937,0.30771910637709365,0.0,0.8719644071377316,0
397.68109072896334,28337.68777820714,167.99368779421582,3.9471107938804693,0.0,0.3535176644819767,6.720485444430376,0.16085170871370574,0.0,0.031046851303759337,1
4603.025920124589,897343.528604816,83.55304181762178,25.853985328051767,10.566907582835093,0.9845346215464901,0.345223419135536,0.0,0.0,0.5787880076988232,1
99.97262374281743,292816.0316235047,151.58156681429207,0.0,0.0,0.37063471194655206,0.0,0.09120513863062678,0.02533952709239393,0.5194023063711377,0
384.48150568253715,2210954.7145832013,45.952982189329745,9.731372528408944,0.0,0.4622076932018875,0.0,5.9760924694231585,2.323667728813632,0.26317978532933073,1
603.262314333355,2359541.756990304,200.1429139891278,0.5695843802808671,8.069396764195899,0.5810802467283804,0.0,6.653301754963193,3.8025477728776735,2.3320126914521175,1
683.2623642480494,35912.81401342462,137.65319456739616,46.882877319578206,35.095915979067726,0.6395972478871909,0.0,0.3245829861531086,0.0,0.9021538936244762,1
433.75666707705113,751975.5356468144,23.442597517816175,14.461575780589062,15.87594184987536,0.26155789123425904,0.0,0.15486771678298558,0.06284839915035537,0.2559563406367408,0
415.411647008264,729191.958046868,0.0,0.6897687057672268,6.315218170761109,0.4007276771100233,0.04293606141682776,0.11758832482097277,0.2232114075812538,0.02749157331915064,0
434.98867999731874,163118.61534113734,61.17953366320123,6.595399675589608,0.6006644053733847,0.5590740456620326,7.588544739869677,0.0463834435864849,0.14406288200602035,0.5266501833345042,1
223.89795709276018,742228.0245202992,70.18557707384464,3.5599004921903274,0.0,0.18298075142112774,0.12461505177586489,0.0,0.11525362738975735,0.06678588681660269,0
251.02628219552219,341899.5018457122,10.305045336114034,4.589927590323952,10.440429075852482,0.3023363836282687,0.09046787495933085,0.06195561040418519,0.014131483194190234,0.4329355878451274,0
292.6510091810889,32101.700514739976,189.61617818181617,5.412343404069682,2.725398972890782,0.21561494707726317,6.931327004791162,0.0,0.05202383092528941,0.31516574132220776,1
174.81219722467293,125560.65201414342,85.32431771693666,0.0,11.109424697774754,0.40143431327063755,0.0,0.02892493707839834,0.21319713280575675,0.0,0
344.86208279288314,84263.15720697443,122.64705402009636,3.8418840478103986,1.8361409881295043,0.33913302276860885,9.696139310227926,0.11865631554043721,0.0,0.19211481273736664,1
560.5134980021908,825986.1519980119,110.01604140847492,0.3841100895601919,9.88907326722849,0.6277667602066066,0.10554687860820404,0.0,0.0,0.0,0
67.23156234366516,446649.9745451229,40.850528463930345,2.4293445389997435,1.48888672692053,0.33043130962932515,0.1516736377827113,0.0,0.06863054228129804,0.13480722913767776,0
246.53574973199355,26061.195932610754,125.2276744812694,3.1036897773200733,2.6332874752164717,0.31268201782513627,6.004641049482755,0.03231883007534685,0.25468094664835567,0.0,1
156.09652089413925,646962.2945292604,136.41651502555516,4.409862830964654,14.340162946459104,0.5375067996037086,0.08506973915462311,0.1364920338221441,0.027197526995953132,0.7392503492204974,0
1336.8228100505225,216513.4436529459,61.39956042269323,56.121151752831025,49.906969142492684,0.8060393588970575,0.12357024224751975,0.072634023725641,0.09025375020073001,0.07792705138586309,1
141.88313839426445,129547.99853520957,76.44677471946648,6.232565851073707,10.634000406769971,0.07940543426905694,0.28044813875871,0.0,0.04422227021222061,0.9658636291879659,0
6713.341660463146,865923.4136765572,238.7724791131274,36.588280012774334,11.983164885049352,0.9413212525193009,0.3467485614216812,0.33248830942416324,0.0,0.986526193192815,1
455.0812152451623,689421.466476209,89.08600106245215,10.697102108990904,4.886358045850426,0.18730760358830012,0.1390908103323551,0.0,0.03474900243264322,0.780470010035166,0
372.6326894779446,70650.04807822575,74.3206868020048,55.48466623146473,98.62186007859768,0.6092782499507599,0.16102445146699662,0.22399077668882778,0.05459406198237485,0.47745062712209996,0
656.7726233447148,3685766.5601376253,66.6654893045901,13.365946981242796,2.136858416406813,0.42001656984975,0.0,4.359977888781281,4.424338333977311,0.8450252942235693,1
935.5874358225644,6088491.972138004,66.35329816309549,8.488225390181007,10.320999574272978,0.45253709916755097,0.0,1.0605132778574407,8.970188036298484,0.0,1
429.57706500039916,872294.2279911083,113.40572476302165,0.0,8.713472289068756,0.14026292101831092,0.014535967885474132,0.3662895263780547,0.0,0.6492981371314623,0
1508.4611266415382,3643373.452430889,94.68572910431504,1.2949758044264383,1.9069007716999091,0.2688322439641838,0.05689748266875501,0.1365146392821841,0.1977216915915826,4.08312076673321,1
205.50486033945998,234926.76970862347,110.7043271567702,3.973895520993616,0.6046349224893548,0.3586918732547697,9.003257726825447,0.01803354294063514,0.0,0.4297452488784499,1
424.5398771593634,233925.82168576925,53.94480064816243,12.758406864300536,7.329801358193409,0.4386176335978538,0.17887596383936127,0.2018495584115968,0.0,1.1091576929570448,0
502.2888472075691,611931.7249933803,50.16613517580776,14.382973991228482,14.314113921916395,0.3585527140159281,0.11179959507467141,0.0,0.12344655682803057,0.0,0
283.07089600411206,1213599.5625789037,48.287800840700534,0.7639561996148192,3.899854993726227,0.26970248194833296,0.12527782174299684,0.11112276406346744,0.045055024727756056,1.063393948074744,0
533.7905167871486,483844.92973463394,141.93219754697472,5.244158096547253,0.0,0.3353623516893186,0.14340136458924152,0.3204577106147882,0.0,0.8516076941331147,0
22.082838226666922,549502.5172385309,38.866936250012095,7.229736546980853,14.563358914132742,0.32072039829072063,0.0,0.1336389012717715,0.05941305409071795,0.5771556616446452,0
397.0202793250851,1010729.0263538676,58.66651979828448,3.629597633168194,11.421528421686617,0.42554856801035207,0.0,0.3464829381865655,0.06381210278854045,0.0,0
376.96896710119546,770192.3748731185,65.50453045196404,9.92477144343959,6.323246349882702,0.42191952404455074,0.22699614630778203,0.18912762694495047,0.0,0.32614894704383435,0
397.17615892309044,501163.9568410788,115.78170609028216,10.371712142231937,7.228699757276033,0.20088411122202693,0.0,0.0,0.07932470428397514,0.12414141351524144,0
475.87435491508757,583107.4948954327,173.74881783747162,9.20392567126321,15.788546223016375,0.5387248861940935,0.0,0.009122319326727399,0.12752287034829235,0.06694502756028126,0
703.2644801650936,118661.04315580335,121.87043936768862,4.668014624037456,8.746171645964408,0.41290092581824345,0.0,0.09860128301035558,0.057802565800104844,0.3931048354705283,0
400.6983318751687,307286.1267961435,54.86433573675086,9.523239161103238,11.393877808435404,0.36759445512196837,0.0,0.344473222151757,0.05696086833005999,0.0,0
54.16559296776825,397169.41137183487,77.96103343855157,4.166606031747389,14.20906067836001,0.0847355999068094,0.05398621496756368,0.10173833143336299,0.0110350369735129,0.07000892622430893,0
226.29408568602602,316981.14229967276,110.21481302045156,0.0,6.940465428978804,0.47874933671641,0.0,0.10907144168595823,0.2554870015272148,0.22006272185125547,0
363.9387900161034,838871.8119902143,132.57351716086146,10.873288453501013,16.17899086911774,0.2654671010981074,0.0,0.12049286766736376,0.06830484735509025,0.5334286752723846,0
6439.854192189046,673704.0783037699,104.53653345190222,21.486085570826653,0.0,0.9765387682519255,0.061346935390065735,0.20267615723911916,0.0,0.0,0
977.8446770338201,1213361.9872190962,102.73270400846661,6.400996082348607,16.687517000570292,0.2874542724499148,0.0,1.9396702027709338,8.942739297229437,0.2072838585441842,1
179.69316858942446,0.0,5.958547566415859,4.3530423129365285,10.356357534612151,0.3174106213883241,0.0,0.3837082042970194,0.046492589518003107,0.0,0
467.0196560961424,763218.1561486104,98.7511086356116,7.6370554759877,3.095708861884887,0.3451021216156834,0.0,0.0,0.028821566488511613,0.5823621462119086,0
355.6022147495334,553601.9518801513,54.44593085416081,1.6965847841773725,0.0,0.38395512134989007,0.0,0.04975164400287613,0.21747893230166437,0.013336147558561495,0
696.770295607507,0.0,111.28760830085307,5.637938305847282,9.90910183048787,0.49545473613004487,0.006846049506723673,0.2188080430525636,0.1347843539945094,0.04072221694449385,0
297.2935948195896,81867.77239510333,124.82199678838518,2.507367145386758,0.6352678621406673,0.14984568979476473,10.134144716979725,0.0883380279480705,0.05923200688425275,0.0,1
2424.231632775731,4431833.592794412,7.134523338505353,0.068067208953428,1.1191088683206538,0.27097797059959206,0.08224564722217845,0.0,0.15439716529301822,4.887342541674146,1
168.36828108464766,55369.859170611984,89.51218145676648,2.5883412910384473,1.5324109805673334,0.17866817535932678,4.394191032103122,0.15893458923300643,0.03927347198909032,0.3142443543084408,1
253.7151877781545,391491.49378875905,60.92107809804796,2.2866057264942348,3.3322324008503985,0.39433916926314516,0.2391439378395483,0.0,0.0,0.06780774038785514,0
454.89810195099324,0.0,67.34982941858726,6.403038878102608,8.761426611430956,0.3185029548961947,0.0,0.0,0.14616218271763792,0.8007982007725052,0
4232.423016586691,857185.7332128838,249.7351689564549,28.029170611357465,13.536262556389548,0.9920159035260242,0.23433376459615887,0.04528802587525271,0.053892982271286284,0.557889798413564,1
6497.481574033413,976465.9850857058,144.36688318079132,25.057540695675648,6.946599523183677,1.0,0.0,0.1097268698059807,0.07069037255181353,0.35584009341888595,1
101.13963366125648,318255.52368964406,172.50690065171028,5.434798145643079,12.512917393476492,0.29960261076410405,0.027317583536596638,0.07451264558842294,0.0,0.621598610296973,0
531.9341400159849,333402.93962623656,57.93426347984473,9.225563438305606,11.55868449718965,0.6049036362559449,0.13717229895662808,0.1807308430078613,0.09357419177376895,0.0,0
289.4504366443319,677803.6825834194,83.07926066976356,7.98617026489496,21.135536427989404,0.47505511518290644,0.0,0.03412863012981346,0.037319008754682095,0.7736646926967435,0
555.7191232748949,677159.5757307487,128.5599462049239,8.807705773098224,16.363746879853153,0.28929324123230266,0.0,0.0,0.013707676300354708,0.0035254347472034042,0
559.1791805098427,4114392.505433838,53.40272336084987,0.7568132528729272,9.51433365144771,0.49027219481828815,0.38292568377381064,1.7525753646493312,8.11988787332659,0.40829695961561474,1
255.55699614660276,857607.6636604085,78.01900909687329,12.93496364954419,5.0974772839608296,0.20599860410685905,0.2835663077962902,0.0,0.0,0.0,0
800.1450728622058,1209763.6813203287,57.43140641014779,12.53312916039448,0.0,0.12375416643948209,0.22876349481661953,7.264627590059391,4.197757946486525,1.57535570598061,1
239.25844255489622,531078.4029506709,162.73382289826455,5.110871373556552,19.38857250619406,0.5415920394740927,0.0,0.1572020266071339,0.062384247197972746,0.7582087895025336,0
137.2877769688131,375231.73228689726,71.74440604022749,7.995516026491266,9.279761056764109,0.4810218694301358,0.0,0.0,0.2661574347419107,0.20010244547746237,0
0.0,535031.4952026677,13.002279966204483,8.076398451327268,4.808205512025277,0.17942521804269987,0.04344696949278966,0.21088987614701954,0.029352090161638134,0.35917214022704497,0
7587.132934173242,766206.6495769118,91.91476638145782,13.26889024532909,9.070871627781749,0.9318200182277788,0.0,0.2146201400136722,0.022050471558423216,0.08022200824516079,1
0.0,1179129.9622316668,122.222775982955,5.289801958835299,5.589347497693517,0.44032834930624176,0.0,0.0,0.0,0.0,0
349.11914950943503,2058995.517179468,161.4612749318481,3.8664905414859287,5.92448921683436,0.4523427696693155,0.0,0.0,7.992117065298948,1.1583608001843917,1
171.19309155495898,0.0,55.19898313039333,9.009478243032207,12.055487906478511,0.2761984984823285,0.0,0.19252675443151426,0.0,0.07957887887830595,0
2233.29825659148,6295822.162991571,86.07772307206395,1.4780134713111266,0.346857189528766,0.18676170709180048,0.31251140585434156,0.34425243708560577,0.06901776598590617,4.635024812541881,1
447.23293536182916,417470.69084513845,77.49509196991062,10.331831174925199,8.848234406610286,0.45628729665557644,0.19540820436636527,0.3163414734804695,0.027745870266713945,0.6366932030821686,0
112.84438834659795,318105.49928639695,141.959871632495,7.021738436044771,13.774326485283297,0.46609059159976163,0.5598397210250664,0.15250242429891225,0.2760661575160728,0.14681030510339324,0
3083.9109850407804,1672093.1417365689,122.87611525553005,23.397713097666276,18.929434969456196,0.9662591845343563,0.0240732468054674,0.26818408214226686,0.051864771844396675,0.30068627270928583,1
437.9257059012459,2134337.8402254884,72.75947166039394,0.0,15.462573380198526,0.11682948964408385,0.0,2.965650796589011,6.28213784624753,0.6175135042437192,1
575.8551342722865,0.0,19.55142611918491,1.755659949235441,17.23046293484203,0.48000098529717794,0.08340195076253012,5.6107886953154,1.788771276015816,1.275694572869309,1
261.2251143875306,119979.86933725383,66.08106782443355,5.6988433937039105,1.9956043612621093,0.2938911317068739,2.0815247045909437,0.12557040230654493,0.10522648040036922,0.19854028453361214,1
246.0330984499273,0.0,16.02108047412817,10.873759075432908,9.892369055521637,0.2868369673010514,0.0,0.12914648136504975,0.0,1.066956751361557,0
777.9904866099471,1836830.3855902166,180.9426543572148,13.940030146051743,9.346286495276857,0.37334800346984254,0.0,8.825763489641101,2.5241296095556285,2.3874190542481286,1
775.6842068111204,184605.97659127528,33.48072734647693,66.50420243776078,74.70366496376556,0.6920765754626982,0.19290596868090504,0.13485144340535143,0.0,0.06657491383309239,1
202.13821482270973,1017937.9788711757,35.4702431094538,0.0,8.384484322748522,0.2622683678161713,0.11809143007336531,0.2793971046047705,0.0758141149229575,0.6496119964466293,0
584.8685551387682,290104.76296086126,119.46799537268049,15.004953003443685,10.591906080467899,0.2780462948245635,0.0,0.5185214237204998,0.13609389242276682,0.1849074162209804,0
380.1731231295886,94952.55619649298,12.23682699257742,9.570568742766504,12.759458338746022,0.21812552381788186,0.06760170250799842,0.15790447331664148,0.0045024112701315885,0.14740915404593916,0
198.11670692665203,32029.04602571111,184.98117570892504,5.829180335638225,0.9073318817879477,0.2593752576158095,7.112489045971481,0.14559010158260033,0.0,0.4081129857387974,1
408.72138591402825,1203644.5620069671,80.10401521335814,3.8426666856829277,2.328408351074823,0.3038733742800731,0.0,6.204356616735539,1.5154379757764553,2.9393052429124022,1
737.3860259927054,5514226.550040481,9.81804335609651,2.7953729524368085,6.910436278531423,0.4937378454364809,0.10127424021046894,2.134438313170705,3.785788928255627,0.8601058154482495,1
494.4196166496544,1180337.0855565537,149.06017625192646,0.0,3.744453515509589,0.3412504622354978,0.031315516851675294,0.3935042959050568,0.09379894670579875,0.6096991204512909,0
302.4884122855719,621699.280672498,99.74859114783773,7.816315396237654,12.349311453285225,0.33239127088122994,0.0,0.07985894879713112,0.08936049390306802,0.17118761694914947,0
0.0,55185.64082835436,65.62185924168432,1.6575283778049605,2.427014097947598,0.3791590371738949,11.36916271605066,0.06564464481546317,0.0034127417279845307,0.0,1
224.97482528162357,200417.98928745632,63.187115730295275,8.8866637089234,3.368732716144602,0.13697488817056325,0.1932120638666721,0.08235167691174583,0.015574563002222444,0.38371234050939895,0
1568.3420677721504,4677636.209677955,59.8469838179536,1.1851509437910017,2.1573805249314377,0.49467907772551156,0.0,0.20882026218346994,0.07866908131004884,6.237130789288056,1
559.212906278658,873765.3725978088,113.79712746103561,8.633490210522883,0.0,0.6826923855030071,0.2722634865463257,0.22627860811647238,0.03885941502476023,0.17684725072761143,0
1249.0147489460603,4384422.108420818,103.32805809280805,12.062052155322196,8.776221282260915,0.4327163826078565,0.1705734928083092,4.254872411882397,7.439916519562828,0.0,0
523.0433943228745,749232.6728129948,95.0930229737616,7.809064723024914,0.4642281075015049,0.2957832164352246,0.0,0.06389832018895883,0.020433565853565615,0.2994611955489825,0
286.2192216328786,625115.6997593461,132.53735137138975,8.974762290884009,0.797316695794601,0.5931618732291211,0.3653922953126816,0.09405426806025702,0.0,1.6004691771169957,0
391.4584348097912,1113120.0897289696,79.37300128630521,3.5954166691292966,17.361117057660366,0.5703465735477147,0.0,0.42659354568189134,0.1733128030467281,0.5255915534407303,0
481.60677351389864,593404.383466493,131.7716070213349,13.80175464937229,10.687238735537429,0.489025864514685,0.0,0.24551340468313312,0.10086506097510145,0.0,0
325.90077671772696,562932.0140410825,77.12643834786198,5.142750842561034,6.669996581204123,0.3155098165194624,0.2749830523008029,0.24641757367595457,0.0,0.4567167383178673,0
385.78540507571023,0.0,68.19187012686189,0.0,9.843245969508242,0.5063689888847489,0.21515332126527145,0.004370074185693296,0.0,0.3644807882650512,0
1366.0865528301447,194233.49576789638,83.25602454899553,55.84094640611567,33.23604399093074,0.7146398292139539,0.0,0.14759538999507454,0.0765457237421362,0.31523122518914254,1
339.7365958233216,183639.56749059295,21.767603769536784,6.444677704446427,19.546598800084936,0.3038351499820436,0.0266501745062817,0.41557349482259653,0.004876927249654085,0.8196797382576603,0
450.6917480214998,1102288.7642993238,42.54021311690542,21.541893075909485,10.422088776736489,0.2919985210617649,0.048454715827238766,4.188635740184882,3.822700213581619,1.0324898198107268,1
165.3273566810171,507646.05071900337,85.62541941996301,10.315753693520694,3.7988858404598718,0.28353865619111246,0.12906689491187684,0.0,0.0140750699804328,0.0,0
420.5388126693602,479802.9160069644,85.90167808898403,8.348483597426766,6.720589055348677,0.23159073387565435,0.0,0.0,0.03562660093754835,0.9093774601534617,0
390.1445069576004,321817.157051272,39.279256176630014,1.9545036640254594,4.401667919333035,0.49172230928503247,0.18913923123805026,0.18026224197071733,0.007534723567841885,0.360660600800327,1
637.2356978448512,2696093.9577430785,95.91413282516748,10.379198901514066,8.886560778758188,0.6199543308942606,0.05139097825127131,5.529266611330761,2.913401792807506,1.5557114833563621,1
656.8054150533521,6627844.55315647,140.2077301199226,0.0,16.68557721167435,0.17776917308700124,0.04832850346298857,3.418071472276004,7.260752686604054,0.5190275264729936,1
605.8896992868672,568149.0453532517,132.36899879270027,16.600403855253944,16.14930487590087,0.1465789157059291,0.02071547025548961,0.11108959039909863,0.047403114473041554,0.12470916922184158,0
237.43844871092006,257815.39260999014,90.34584429563058,11.848730904927583,9.51906474472377,0.5109898581038679,0.1045735884608916,0.28159018555750315,0.0,1.0229052994906724,0
781.9521362185375,2865041.896232597,73.67561312951196,1.6445015006577917,5.783743086286639,0.1576825683439893,0.37706159333388056,6.222950896177103,2.901699890956696,2.315700742160588,1
290.5802782655877,142127.08181693277,111.49164751968178,8.97345105685092,20.34275395964671,0.08142053519331222,0.28841804081086797,0.4258160533226828,0.05809722926058026,0.12420451061041693,0
698.4019566545796,24486.063650297263,29.938724002219885,48.584757875478545,50.641084295080255,0.8294452751305545,0.0,0.12241576097058993,0.12451527274546957,0.0,1
584.9626219682241,690335.749644964,100.39015558394595,2.2465103174791943,12.420205176504137,0.34902564965437416,0.0,0.04801463884875587,0.022296828773827385,0.9880455435189571,0
995.280261624805,94517.01989325321,42.588914038529595,75.6589427218932,63.01362054230055,0.8303686670951492,0.39447012950014226,0.030537988738360264,0.0,0.8308695325723586,1
1833.1771316878812,1007618.139994825,98.91828010841866,39.94554456192817,12.137390762846787,0.9722716996483616,0.02712881519798077,0.3071612807792082,0.08843774084206148,0.0,1
343.537553824078,0.0,131.11405301878477,14.387847249377055,0.0,0.40317211397305663,0.0,0.3003791351471853,0.09654919475633686,0.355021089244114,0
458.1171032830208,1025585.6867296799,97.45688781988693,9.173553210450022,17.239049507331888,0.46513456949806176,0.0,0.13869060641181327,0.009661886550107565,0.2890099002633655,0
2248.0363948826625,4866599.212405611,12.384552577961216,2.7616526960376877,0.7899563551616458,0.1199987900716388,0.0874731222100183,0.04499797196245549,0.03475646608527333,5.63371594987642,1
572.5736920761188,2679687.4506447045,86.35436286744495,13.848981703128695,9.829342842925636,0.24398748103411821,0.2377068512139337,5.353417910919019,4.1385851338807065,1.2917787018850933,1
1688.1284501411692,4922347.802948029,59.26856680092678,0.0,1.2135737213822597,0.5099622751307684,0.0,0.09121686288413748,0.12080548373160559,3.1758705380981427,1
202.47509396035184,480699.7747452805,163.86913995479227,14.32116625748819,2.3445771983819554,0.44069853316884505,0.058416058889423014,0.0,0.1569162153346504,0.46616955651841263,0
361.78903815200954,289890.20913036016,127.41671294049065,9.910641195473701,2.878420247289476,0.1714376320629517,0.0,0.18595610826219552,0.11417779137241123,0.0,0
603.2038824455436,471495.9156802146,44.15721222547298,2.958162520479908,10.652835665806702,0.6953876521199134,0.0,0.35681891097747936,0.003889980195964808,0.7825895697422407,0
604.2533905366938,416892.5420026631,104.89999279164698,6.32991650959123,5.395820233383978,0.3070468010061814,0.0,0.30169877921402083,0.03990044964521753,1.0071270671393877,0
553.8610936014918,309832.0542553336,44.94906626063786,10.124689448070514,15.513656417844352,0.5279055212682506,0.32495390996155893,0.265524221010897,0.0,0.7096493935996449,0
1578.308772250976,59468.20885642228,23.11656623012786,55.766966027680645,53.90899011317932,0.6266577462199333,0.014541151585639624,0.010028062790421982,0.09226562586231013,0.5164606229096785,1
2093.0675574829547,7476446.1201052535,38.33099376607457,1.2160725531523788,1.9357524435840783,0.37998344522659183,0.0,0.23422579986101175,0.006971103466427729,4.75891038370432,1
1374.0106905575967,5424469.363683915,45.36243492251533,2.074589745883755,0.3989936614906482,0.5889353635125769,0.0,0.16684928855323167,0.0030898321416636954,6.125695250162481,1
258.97404633789876,172171.6299693701,85.60191157221382,14.355606142816237,2.9517127747558316,0.35419600467673595,0.0,0.17880399165898683,0.0,0.0,0
970.6551783866264,1028419.5062259566,63.932721914813385,11.313345697998493,1.9070951522736115,0.08803579355284447,0.0,2.8605629022311483,10.081342365926812,1.069128359055048,1
259.59067373864366,563510.2768249552,91.55336414547482,0.722831095221478,16.530950500228336,0.5658817344315503,0.022326645312816362,0.0,0.13391834124446023,0.5014005301141461,0
648.09340618425,2637700.8698921967,111.52567743803876,0.0,10.29694082760764,0.3198343290585466,0.06945247998205394,5.9633399450608575,4.254778817640071,2.0771421185424055,1
490.5769297726939,283842.6859189236,35.10386612778824,6.396075239020697,11.297226812228827,0.21473444176846607,0.008725249919102878,0.16476144024464334,0.04274553243137118,0.550216771751935,0
154.24692839435704,420971.8863098416,108.90504528666617,10.329085015899096,5.116332455476105,0.17755979956562057,0.055073411253599575,0.23151102619173952,0.0,0.5637951819310332,0
581.2121928237916,11566.156036654429,122.94284395102011,7.975865714077432,14.30047304454354,0.27884862158490387,0.0,0.1992830225322497,0.08698819685368472,0.768412933020545,0
1353.2123274886574,271806.9023360924,57.319892098359894,44.91745038661823,40.803055495961885,0.9217362737225638,0.0,0.048061352242723995,0.1447631396411504,0.39186614622023114,1
262.18062438621564,510258.61146254325,53.84085018610139,10.000253352618316,3.018340469541956,0.5006882760836386,0.1851489121330163,8.082405221298883,1.9327507323310134,1.8367209894090313,1
359.10161506589446,632410.4175850962,118.2834042243953,6.149168935633191,0.9844961436513966,0.13742762700041583,0.07095652111754602,0.07223545133010825,0.036424546674700034,0.32331074440686675,0
219.60115772190375,776206.4218077054,118.35767951432598,3.6453929467757007,8.542806367681177,0.18022986562148482,0.1425762749240857,0.3434556055112157,0.019445062793294585,0.14632406795529485,0
154.49858851970995,439091.9347570166,113.40736285547094,0.0,19.713724491727834,0.12106594321493055,0.0,0.08375435742564438,0.0,0.28270811490978975,0
7151.8066124550005,743131.2104061984,325.86017290715483,29.42385177897926,19.192475616926806,0.9796335012455144,0.0,0.0794636886902437,0.012862396862239445,0.58661201821149,1
8298.238907499177,621417.3273754239,171.35938451970821,23.44193997235166,22.36775674772467,0.9944822178383912,0.0,0.22953251429418506,0.023334635263072168,0.0,1
2653.5412686232157,1537618.6927710732,341.007316324137,23.65490281780798,13.434809173992226,0.9607159364336341,0.0,0.19461292421348103,0.016362383356584756,0.5387548602047223,1
505.8975243016044,130982.22498730716,59.47240902302816,2.583482333784435,1.0746333528225227,0.33054845426209195,6.28477823783078,0.0,0.0,0.4989317936488134,1
577.9786111891111,426440.9433278254,75.02817235008538,0.0,10.63200664129913,0.5497788385910453,0.20665445135231078,0.0,0.0,0.12644515084734162,0
580.1226722467761,221568.19669301217,70.91309713332076,5.313866490818722,11.230605843317178,0.2880058702337603,0.18743831757625243,0.044178752700524765,0.08288181340340645,0.08696759948975802,0
755.6747022045324,657827.6868196728,103.0139458739353,1.8411941286859514,13.710365509499916,0.1995128826694283,0.1011363927274368,0.0,0.03963756912500864,0.8738735146666775,0
714.4869500712822,3910.8311890162586,101.82183514437307,47.89585170749913,62.78649722136718,0.7382297782337985,0.07437195720967711,0.14380833758437322,0.09335873400044764,0.7199536775677632,1
306.0699978964106,1321714.1825345848,78.3456392000269,0.7621902467600972,23.03431797349576,0.18262596062127154,0.11082446195965272,3.9138004254706527,2.6329164274342496,2.0517973791246504,1
915.1793207447781,634187.0962209757,113.56263351306492,8.302755473171556,15.655125454410204,0.33076519634782886,0.0,7.3917541774292435,3.9472642563073737,2.402086293291564,1
47.328492979093056,0.0,132.44961134223973,2.3483200062472,1.6107247142554066,0.12704232088609566,8.670586540186417,0.010386233557115265,0.14629494934743953,0.00887901349854725,1
565.1663787050652,636984.1769023843,54.45567071681779,10.14109699842813,9.187775249286874,0.31905148681632767,0.1116413668066426,6.1136098702082995,1.4752737022866755,1.276187571446968,1
112.78216063001133,75411.57278473832,93.91176221083296,5.329823610850086,4.193475699930738,0.33308867481912524,2.9029457258049245,0.37937298430295274,0.1435851561135274,0.1028093862856312,1
399.03560220732373,1260406.144493342,161.8045438188538,2.172523494788754,5.634605454937042,0.40530899434493106,0.0,0.0,0.11650776408153067,0.0,0
139.57808347565577,575501.8813090206,109.96584347763911,3.6660540597824016,20.54176332253631,0.30132522607004075,0.0,0.1482182466293251,0.03439980676076981,0.07669363672379037,0
272.1490174552318,654551.8043744032,44.6128163115402,4.839371547523213,1.0296287672213422,0.30644007100568776,0.15019692326647294,0.0,0.027117003021030914,0.6678868129226575,0
5334.9813374430905,97928.05824319948,256.9360882631328,25.842721934923865,9.99360357691647,0.9772178372611815,0.0,0.17587769953053495,0.07046890925520544,0.6856923763152929,1
497.19791148285987,3173621.4749917095,36.905300586151576,0.0,8.181118609437313,0.2693133611867492,0.18863431516819495,3.1160878346120464,5.135749695127205,0.0,1
631.8160889737899,659619.9338770134,71.17928171113965,5.805449826068912,12.310369614262683,0.19845542386154424,0.4257269071925206,0.0,0.04059413936032642,0.2846653591192546,0
773.1453267561056,582526.8382240521,179.8098129975166,7.9236165729261705,5.761270181922235,0.10053447305974145,0.0,0.12220097507536548,0.0920125832024217,0.1133815525003434,0
909.0199770819434,2087581.47726824,53.27743238783508,2.097278148043511,4.558061465328917,0.4613482136113811,0.27116800305087213,5.036425025707764,2.457949631786946,1.3444817735925914,1
317.54357747684656,0.0,63.175462408222415,7.808002609217919,7.8720303715006725,0.2524293487345936,0.0,0.23842741160322195,0.0749299804539679,0.2488486122198465,0
892.1244938581763,1394072.2678087833,65.99157762662564,10.264399897600965,7.72218118044803,0.42145407464303714,0.0,6.143135875268773,3.481120074942407,2.045256788025098,1
3957.8528201186073,1188495.702533993,111.48840562019505,42.954825418802905,13.23723676084854,1.0,0.26450516940694563,0.14492536796381528,0.041417352826076684,0.0,1
2082.544393663695,3510547.6353531657,77.0275563125061,0.5656366187756464,2.4391237655057845,0.515842903233207,0.0,0.005650622157095941,0.07475020915979794,5.899510480052129,1
511.8764415417759,419952.4214242781,152.59131633294086,3.3085045234167527,9.819939037522994,0.11698343682077994,0.027369970317743637,0.0,0.016623146462740226,0.04799879092007825,0
171.1997468032144,34058.20389654304,77.16662655814028,1.472557657615229,2.5341567386462103,0.4348326814365648,6.544421054690788,0.27769302977617005,0.15415941477928974,0.3527361158398278,1
494.0460392419378,3736583.077662032,78.0465872790531,1.0697196261187099,9.381091060590013,0.5561109044337079,0.0,5.301515178546056,4.4811902650194435,1.0346945551662499,1
658.7914784367289,0.0,110.04774995548995,8.093989141002739,18.767123812164385,0.5480454450921207,0.2832527828757634,0.23510135140441565,0.0,0.11471305932162018,0
408.3380076188874,1150755.7068573935,74.76117630865508,0.7570417758620396,9.72744326806226,0.5134840886923242,0.0,0.03242948666158224,0.0,0.9443826217903396,0
261.2728390958528,468346.84116907185,91.26002828927163,12.91436119520367,3.7045143998995425,0.39310748327979356,0.21340193542418998,0.16882782042589026,0.0,0.4099613189562442,0
58.13195265359798,0.0,203.563333948675,8.008744596598731,5.278809272676504,0.01,0.2656275344656336,0.07393919117212373,0.08178356524760177,0.2192584013604066,0
134.19271929598938,0.0,99.91937628101617,6.0516778159117735,0.0,0.19273010492282477,0.07275271027302904,0.008885009435318683,0.0,0.44995209053071755,0
941.2384130039217,181322.57868975864,107.6189956938856,36.40364949775437,16.674017889021222,0.595924405590248,0.0,0.0,0.11494115574621994,0.6443852814891108,1
6548.421709485846,1210549.5233841073,53.25343941626812,33.24878230752553,17.24845826010854,0.9588875708077952,0.0350825253714921,0.07460126984852936,0.0,0.06109787367360281,1
2417.560727201156,890513.841791135,238.32762114158885,19.309510317763248,17.79055207275549,0.968454812693353,0.10132765163817077,0.06236657249295309,0.07411297665088944,0.36337122173899017,1
1516.9927467376601,164677.1258005462,129.99682620934092,23.740441976201648,38.67832849316608,0.6777606890792267,0.0,0.08578515639851411,0.08882929420364355,0.03224954405846214,1
387.39958076973085,80990.57775052116,110.10779866268214,0.0,2.7528355695096955,0.17044591736360953,3.837911084434376,0.4851799003273738,0.09028989760218514,0.42143127316287665,1
367.46909678417353,917065.2203436773,89.81972635042622,0.8817611915005452,1.3011131843780408,0.4150389926895314,0.008586726467010159,0.10911195790391749,0.003849362681895889,0.7044205410642764,0
948.980894817181,3806477.5301779304,130.98910874475237,12.210464060738687,9.466529178095767,0.2744476443576438,0.0,2.3475321393310598,3.0113582603336266,0.8673323303229786,1
394.0109452428734,196691.19481593533,158.99357696051607,4.186945247815414,16.64754399228804,0.3069226976956597,0.0,0.30220257733393974,0.0865102548303562,0.36989810031513226,0
363.49874956775085,0.0,110.80131115778252,2.8175197507587297,9.298443992667591,0.47978550664722,0.0,0.04292797748910401,0.0,1.1946117325240415,0
529.7553563984918,710819.4749881636,87.3324444546781,1.1950182903783997,10.822455014707968,0.3116122902070655,0.0,0.0076900929276293856,0.0,0.0,0
252.96771636678986,49159.86736500943,12.766983375592517,6.5639191626615,0.07992473817236645,0.3221563025427127,7.381410682278537,0.14280207676738774,0.030676066011544777,0.4613181752344192,1
813.5115514299273,3593614.711182684,84.73041147038997,12.232512087242485,0.0,0.4378970308341933,0.06963498937702675,3.466670185908034,5.9939740285323,0.751352525482413,1
1140.9188017581102,3256901.3887582165,78.95428618757683,11.712491414630499,8.559991505998624,0.33658633067884663,0.07702074230726569,4.533432722523466,10.547968630805963,0.0,1
148.13747291645214,446762.1412925649,135.11468680335844,0.0,8.9653947229033,0.12182158083963729,0.0,0.18482754369903634,0.03123227922311767,0.0,0
1071.7450033573111,241154.53106797714,105.08128438269341,59.7362090784507,92.55919313488201,0.8037476812905813,0.0,0.314394656854286,0.18723368782393868,0.20019321081221045,1
296.19884182438904,491329.5352544607,0.0,0.0,0.1820073475781694,0.09334562546893233,0.0,0.07620116078599842,0.13903601837538102,0.0,0
208.00265984695076,0.0,81.81779837239918,12.947801292900309,18.07286134873152,0.3146292243172329,0.06918323938307538,0.29428598445698795,0.09339538702879395,0.1604787290369224,0
424.48922892997604,5033248.42497454,75.8382694355098,0.39428976296747464,6.423913048362422,0.3589127980007369,0.0,2.1074679307988555,5.800989979859342,0.13221564399430485,1
1107.9215014222534,285242.48692396213,111.07723395709915,21.397667180279193,64.56794282510906,0.7536396265628873,0.0,0.01946683600890821,0.0,0.25801426703864244,1
219.88544740715747,717483.3829900098,54.327345136130475,5.626187182933458,2.403228679316978,0.49839414667416343,0.1086873597833339,0.0,0.0,0.1692976307708714,0
416.8461991870852,422616.27499055123,23.07805007920833,0.0,10.812246930601944,0.23905130392816903,0.03677140059793286,0.12125508798846783,0.0,0.6765503767802458,0
410.72974317774805,1050728.6338284817,88.85369684452787,4.514627433749784,0.8385058745608642,0.4230585995018469,0.15390227675985554,4.2223615580659475,3.240226245424985,1.3742642394156483,1
259.91121227397605,1751145.76751426,79.42491187403965,10.188938776604296,11.42859907589553,0.3245655898232907,0.0,2.2753784823363477,5.2430895748473905,0.11464265083711755,1
5693.629574855642,607829.116893114,129.84573647958484,41.19285730169551,17.666473838862228,0.9491682606057317,0.08286259686542718,0.0,0.1545431799700314,1.067702241363505,1
97.73364435593385,616659.2262188587,86.85427300517289,7.631494717157804,13.663299218736757,0.2487327276772252,0.016164515238023085,0.0,0.0,0.20055502319461052,0
401.7138042755653,224647.98205252373,68.54274464592058,9.611008544832288,3.998424701580621,0.29604805633530074,0.0,0.03620036594347005,0.0,0.06974445286138553,0
4833.032845054853,808698.6165518842,179.49655299991642,32.47347648940512,7.680839820063607,0.985238744729636,0.0,0.0,0.090637086314335,0.0,1
119.76593504298478,542041.4784320995,94.52712028767687,6.930264218260943,13.79347756554613,0.36388779170667146,0.0,0.028260628743132316,0.008276230421487736,0.16244021124631375,0
882.5948730942625,2299896.781118469,0.0,8.551507215869435,2.313531588644908,0.12823976492508976,0.0,4.657789225752154,5.138503172320525,3.3456052217038295,1
164.5978523469113,1104861.4379786546,149.57527800950209,1.4653150745204968,3.0781214652235684,0.4991616086830789,0.0,0.3482339114253302,4.969723412830834e-05,0.6708670525760956,0
551.0256090043993,364390.9867620147,18.560659094011953,88.89172617638398,46.72283274014094,0.5778622256725006,0.19818048922368936,0.0,0.0,0.6918207833332306,1
0.0,643993.4724771709,40.76041325537762,10.687614608748788,0.0,0.4033155771783071,0.0890765826886244,0.038865346460580416,0.0,0.0,0
420.17601969522735,925508.9690641323,67.286313791633,2.2899328755512984,4.021089706754824,0.28386021296766617,0.13393025144389537,0.09498068008606872,0.08321919380492968,0.023512309351782446,0
795.0184875619663,2232223.374675229,54.94912355804408,8.00065388754518,11.588169514462194,0.20699288435406676,0.0,6.267394198301404,5.685486023630671,2.087269999754128,1
1484.103259912392,4407934.923512118,50.86287000713382,1.3468873315122758,1.2106677129383785,0.38787456128854647,0.058841370203525846,0.08533411029584625,0.02900911710672651,5.132332558425363,1
161.93257395282487,0.0,0.0,8.729394188695727,2.1588916371079296,0.36334292374867033,0.1622488174046823,0.0,0.0,0.19748263704796287,0
5205.68390092931,1263454.8128076615,179.84021763006118,22.66103923334184,12.111110491639964,0.9809936163910203,0.0,0.4057984796182248,0.05361542036181233,0.0,1
1070.784081680218,4656420.856493698,50.41486146540544,5.932204135728859,9.439674435968714,0.1588165709607935,0.0,1.0835104777745157,6.847048416014284,0.4588988326510143,1
164.15039917521622,0.0,133.806387615873,0.9020774591627845,5.545448853370706,0.2589127021665141,0.2121774127811423,0.03875186109016569,0.015507260415557778,0.0370695876902864,0
778.8790314692606,469208.62007053546,129.13029824473415,9.776258879880503,13.923595769985937,0.36380637399848903,0.2106306977726859,0.45683541380087844,0.0,0.18712932782936295,0
346.45850875507927,1250216.6621720963,129.14626441628178,6.667083347717872,6.8873019396701896,0.25312899057274885,0.07643759789184128,5.23558712420097,1.3261766111504691,1.2574313813785867,1
640.2954115337891,967395.3531257327,116.2982806361145,6.303150448656391,20.831027550501965,0.12396790821983972,0.0,5.351101005213605,4.320499058786814,2.0721743081484876,1
1088.888479386127,4353316.541331442,58.2883466607459,1.5364376569584282,2.1925198408593665,0.2806808312309056,0.1693262295730078,0.0,0.0,4.458961070303096,1
129.46350524388632,640897.0842552456,160.70726134030443,7.573731527947939,18.63816690378431,0.40756896992380864,0.10744867434721807,0.2015860803887119,0.026555903727849398,0.0,1
222.1708085721258,955342.3835535411,77.07041234671108,0.0,16.443579277158435,0.416333908619984,0.006634011208168991,0.06720533567632375,0.05335992697152733,0.20014788196897987,0
973.2249427889141,227592.430580949,156.02633810065737,76.50446437102656,47.45956097566334,0.6632051853002247,0.05864479511015586,0.0,0.0,0.9990923322542596,1
1945.9636798345327,227276.42771083367,0.0,64.71753750057894,107.07906240897769,0.7272528052635967,0.0,0.05846482476905298,0.10415250119182551,0.45274481716284953,1
337.5472942956493,960676.7140839836,73.39678140684248,9.813660365914203,8.879456212994283,0.218795038949531,0.1184375244096932,3.9646200726871594,2.3516459996620203,0.30383451011554036,1
1087.071350922843,355915.27884316124,64.17934202269433,89.84985040544524,72.11608689240619,0.7300459270832895,0.0,0.0,0.01417322703240359,0.0,1
1021.4216944761719,176300.27555987114,81.56359752557276,65.1963794461518,29.244078664555637,0.6415935562522169,0.0,0.20006644107877603,0.03579359441586173,0.572295320639762,1
906.9384072134217,311192.9698457017,50.738861503418065,68.17525712761798,38.34691439562635,0.6745042752176058,0.23207707077359302,0.0,0.05894037579531678,0.5139371913065072,1
561.4445857198865,2073594.9261066022,83.33452207803658,0.0,6.477321375555254,0.3630395823538971,0.24534622356135147,2.1875223337301954,7.676009920486407,0.018543630039193792,1
608.3202004377647,61624.35899566405,185.54738107889568,6.683011415063504,7.26656471488405,0.34442037711939366,0.0,0.190070381685788,0.03276585124460223,0.0,0
2179.5767639132782,326798.44390802004,48.084685476560715,52.540230086035415,55.552985665208205,0.7564729137292704,0.0,0.1949223790933498,0.13466892094584548,0.7594346586500027,1
242.01018050320914,2137942.843588703,0.0,0.0,5.568075094380033,0.6707664580901622,0.0171284388176908,3.8378646707035022,3.1363463551346977,2.533093708336904,1
560.4411805376419,746649.1709148623,6.942482637826217,5.681228675046759,10.122851920621294,0.3194596717819979,0.0,0.0,0.0,0.0,0
304.50188267221125,507509.5471402631,33.690691450697884,4.772492551322495,2.470153241671845,0.3465766674819297,0.0616340919273507,0.0,0.030744012471791437,0.8273605305770324,0
200.85333060800278,779140.0055474467,85.60100161946528,7.624423594122922,8.748481732546027,0.4086516039162636,0.0,0.09153844439904019,0.044281720507040725,0.8390765930283568,0
528.3513964438041,535754.2243403742,118.69662486921146,12.89916164877194,15.435200188261168,0.1980176431003703,0.00736758180472169,0.07073373316432334,0.1171517373679929,0.0,0
259.37024582469326,555284.3475366626,185.53418863589792,1.2615683218041216,7.447641681675376,0.3980192661270094,0.0,0.33054104668501505,0.02812878250000258,0.0,0
339.4184799817459,637492.4194712918,40.400215798569235,2.8337289886320294,6.909693893626072,0.49848719140949505,0.3036372796953777,0.01006959251571174,0.0,0.21321124105594352,0
508.19580946214245,853961.7235355044,19.62591039570337,0.0,22.724700003918883,0.011589646049524449,0.0,0.0,0.01897712992240393,0.41588690798801314,0
756.4366730817467,5950889.042195949,88.24289586202961,7.100814871144708,21.159855361068956,0.20173934283197237,0.0,2.048592822222534,5.465470518568763,0.23502892204241577,0
104.74886379397287,476276.4631836324,105.6351611295476,5.6326066920479985,9.354559998150105,0.26271632245768095,0.0,0.0,0.08946265867153003,0.7318059386411342,0
837.9321401333566,5237714.333683511,86.39188903006271,7.148143469237237,11.458272035061036,0.19453367137993277,0.0,3.756706931054767,7.636240457268294,0.0,1
226.70962837407058,740924.6172837439,60.61074698982134,9.154000820730099,7.040259998593179,0.26458033448313056,0.06488928558950627,0.13979359519938586,0.12622376184922504,0.45516328105320636,0
343.0112725701114,5465.110105706088,64.47297117480889,8.423217556558512,5.8004869039038205,0.26811672181312474,0.005237617556436074,0.3834282102127709,0.0,0.3266523018926507,0
487.55088074309526,0.0,95.22232592743597,5.2533238146425125,9.676147202493242,0.5157535445270864,0.0,0.2351173813116648,0.1288203127407592,0.9029787727500883,0
123.99148399605795,136207.0435207832,48.29411694264834,7.42375928055329,1.6460677252395939,0.48389642238052144,6.378105230124555,0.29278551588964585,0.16451701207641994,0.3321241063219389,1
497.7329261083521,1036576.5819676227,97.92808424663637,5.399573774656279,8.841420271555815,0.1163601330366813,0.1932773631701839,0.13434042118409253,0.10184360331848266,1.1981733034408548,0
331.34042630024595,1073805.339039798,119.68144519426434,2.2690262322147534,12.541866567331795,0.3576793592132597,0.0,0.0,0.2819040490847617,0.33637972021489154,0
382.7796609283331,226480.11820712962,0.0,2.8409215545860964,7.792861419031499,0.4373528007004908,0.3293497938054917,0.09345841781679932,0.004773937128819503,0.0,0
515.3516608002637,0.0,27.422644183874596,3.6155798848336094,12.356220403844148,0.04265751121563016,0.0,0.21012158235446549,0.0,0.7142830053300656,0
454.8454634669945,170579.55914583767,77.71023148054708,0.0,1.4631828331336874,0.49747452368281775,7.7908261052921475,0.1372284057429323,0.05067974145105777,0.03825969252497827,1
329.4440237041239,99701.24914329336,123.1581434558665,7.016034666969524,0.0,0.21230900857342888,0.0,0.10971337964119726,0.0028323379326834278,0.0,0
388.9194325493089,515789.8308765955,164.95239312029292,2.8633953704156054,12.025245111206747,0.27650277917721366,0.15879843101767632,0.051541135526160214,0.04974387967749515,0.43116133242928395,0
200.190805804374,3187503.7621282744,80.1623200346667,4.308771081087341,17.836145912884234,0.34022434443472527,0.24179029998293328,3.8201570850179416,3.787281219648884,2.1771808692575996,1
3159.4302672628746,1081568.048511487,210.35831938568856,42.82432983581638,14.728925853822057,0.9318999068369236,0.0,0.07481667094105296,0.0,0.3733042913066137,1
318.21538623881224,38295.29399908168,38.66849936468345,63.10024210827105,68.16772190485459,0.685231316484452,0.0,0.1092835884008499,0.0,0.02359672261596546,1
144.3274130993171,0.0,86.85310091571299,4.462361176414922,4.100738242819672,0.1117079328850839,0.0,0.23158528105717302,0.12467350433465334,0.6957635410674976,0
2389.5301039281912,1147536.3520305231,60.41109958736735,0.8942570268923726,1.6935135230311829,0.24641091253496075,0.0,0.23922035252210438,0.0,3.141060540557457,1
1164.0212221842353,2981276.326883142,59.77178957710139,9.039943890858048,11.151290877420422,0.35348327142502145,0.0,2.850267097885949,6.447926497110378,0.34583048136870836,1
467.68343929517226,3502071.987661586,80.29041105610311,9.651369173755537,12.76834705645336,0.3063910308442233,0.3457077512407515,2.0896577538340693,4.196040940824265,0.7575704844669181,1
303.1833024982626,4242569.04290302,143.59739228706442,2.5675692925670766,25.478223792148025,0.3901190559925973,0.01803955095721444,2.168853865966689,6.350003446466657,0.23512498449102623,1
225.66641817601536,14184.68627994445,41.53429787687025,1.95417532994278,4.622830815694565,0.14824440765884916,4.758117502200866,0.1762716643960665,0.0,0.6280706215219225,1
6498.542272406728,652997.7673807552,184.6587832155575,7.487389547546105,10.945932604071809,0.9790482423609598,0.0,0.02638329984388965,0.13170302111499682,0.18061275831261278,0
1297.575056200602,1792346.1457432196,20.75624937612129,1.9698922687913623,8.855458486814166,0.34652318339484484,0.1546895238497269,1.7179545985263918,8.90805834915918,0.0,1
307.94842887832385,802402.7612381773,68.2862018763069,1.3696097982475388,2.654071223262811,0.6939699065292531,0.0,0.2572902579969817,0.04737533521760019,0.0,0
385.14593370719183,562934.3860517361,41.377064001762065,0.0,0.0,0.4328501616359094,0.0,0.19156163863953168,0.0,0.9868478591955178,0
322.1695725083286,107434.5388558397,90.3605768214825,0.0,21.358595396038442,0.3228253290439392,0.0,0.15077170309635413,0.1264678866090565,0.2501030198358097,0
42.147463546025335,316051.00573518977,133.29660243051208,9.0550097991263,4.776723953701214,0.37992882969120606,0.11556395188921188,0.3729686424873746,0.1647914459560199,0.3489411475015586,0
732.7796543772122,0.0,107.91649137095241,63.748811228820784,43.28771831548567,0.590712977098925,0.0,0.2551915109339512,0.12192748052980407,1.3907896312633747,1
545.5863932250344,3748523.932169926,97.45685291615035,0.0,10.566332364360527,0.3065420177948148,0.5201582044827409,3.1947059067595007,7.605119210838278,0.6461097229966202,1
348.7984904432189,1047024.6081976179,53.54401661032331,4.8858891212139435,0.0,0.39360531332263693,0.013882544903701947,0.19776179438019964,0.06659251883209341,0.9609544116622993,0
7847.664014509554,0.0,211.77219573469372,40.180812674445555,15.287664200347788,0.9615111946530465,0.0,0.0,0.07205918503253861,0.46289884870686,1
508.85125185944287,512323.9133890603,66.59954094060447,13.14893726235209,9.219357986405246,0.33117929778285127,0.022391200989914817,0.14693435606593588,0.04917482725758789,0.3105459824258554,0
235.50757876350968,369330.80339658423,116.386974036445,5.882885203995923,19.162597444574956,0.26099614671342614,0.1692879564296549,0.08700136234299344,0.03719360247375844,0.6679392819661405,0
637.3699826175847,786302.2258266798,86.32222136561613,13.674046622992442,12.513731915393585,0.37547087466936085,0.32264199314851316,8.265420505323231,3.080763137139467,2.8404501242523432,1
807.7104680248378,1283361.5849316118,116.92904713238097,10.062081258209862,9.567341460085878,0.34537713181159263,0.044119166807241275,8.197545688134026,3.8294218344866313,3.4933118998577077,1
167.7810141018775,750036.6409166718,42.225870676641605,0.0,5.137515448402498,0.4492757553295101,0.0,0.0,0.11461660821611479,0.31332736198138655,0
1754.6147691581107,6848011.427483371,53.510717109471386,1.1139464625645699,2.148537734720982,0.3943023783629244,0.0,0.0,0.11155875228373327,3.1354133658293724,1
235.33292222729682,724235.8936500016,131.5203775572505,4.27421566378551,12.539101477891634,0.31578936420241,0.10191611570416807,0.16671440607000967,0.204705151899654,0.0,0
246.14072627775974,26390.10769241969,45.659228005733404,6.3572184887764305,2.9996580877281587,0.3977956830019016,3.547276425559746,0.2175203543370426,0.004067272313090169,0.1652377707625294,1
350.95285983867075,20868.891977976018,117.93160274443996,9.515127295227057,0.0,0.33398824838605573,0.0,0.032069898513153935,0.0,0.5563976950738294,0
395.6339477704887,553733.407203617,60.82627926939619,4.7308121943723345,9.419751536468247,0.34478211209571047,0.0,0.04944554795391079,0.01893143128390419,0.5590619243457682,1
363.6494224288199,283736.04256928904,72.36699696171797,6.201682027773454,8.748492106951371,0.45161815856369925,0.0,0.28731039946454184,0.06482332142675891,0.20331792714196906,0
59.70958621007816,230256.10652037576,87.51727075595804,4.209686652144127,4.507866759780261,0.5431199351640423,0.0,0.2272390701150604,0.09112201639691223,0.6480827910525626,0
361.30670878344915,76213.7792600838,52.957562521766654,9.989296001396347,4.988472855315061,0.29218806598660396,0.143397743089221,0.3295005707922287,0.07178413844414004,0.6357461267096096,0
752.9106850097602,280142.94674897473,101.65999837851237,43.71187808202919,58.88845926979791,0.74826587902299,0.031498106556165854,0.09238831788790242,0.028633688792133915,0.2510765977569781,1
468.2755637377128,1020222.4996050936,66.17792243362858,5.059040714744596,16.13001923015362,0.652171316127296,0.18730092587482794,0.0,0.0,0.040346823260246134,0
89.97123662246852,261739.75875962558,69.03862136681451,0.0,15.266951364303413,0.29406000349946754,0.0,0.11894301891967732,0.0,0.0,0
305.64867850577446,977737.2224732448,154.53544682634515,10.303087611684816,8.520921815365563,0.7000702203338345,0.0,0.13438244389125958,0.0,1.1445058721958112,0
610.0009067299318,785569.8100324601,64.7732456603633,2.3707088965643037,13.963515906843014,0.24400107304978375,0.0,0.190338247776158,0.044639365082553326,0.18566122796031428,0
950.3302463343088,2817617.91130801,76.58622834157588,9.652588196651054,4.999219457271856,0.5572358596443758,0.0,0.21954962959527302,6.701189033473918,1.137860484645389,1
478.1210542353091,603212.0651310235,55.78316861754387,11.676373658265943,11.20232116008533,0.453693469775844,0.21771117496884781,0.10410273000168198,0.03621196221971375,0.1476323834069392,0
53.50342773829709,414065.5554574658,94.51570685637627,10.556140025953237,5.485118358984703,0.17138862720523387,0.16044757861249748,0.0007342046280382347,0.0,0.814934627124462,0
5983.009680046122,1264995.0827375446,212.25128837447227,35.697477824212456,8.064905466968632,0.9652594830611806,0.08140187596283747,0.0,0.012233045086917561,0.5388160332353672,1
235.1255346590092,512964.07038130926,79.85550243978636,16.16168512355169,4.746245873724949,0.5876716656078168,0.05760902864326352,0.14194343191627762,0.07753201729534868,0.1550093125117361,0
768.5615000234241,2441748.8852508673,114.91713228790864,4.675519730483596,18.45021464947512,0.4608111248379184,0.12825543011244894,1.148477513222331,6.657888420107985,0.03429884243151354,1
71.2073272321328,0.0,48.244306932838484,7.410439454174399,16.703070760975802,0.4227754118867581,0.0,0.2490134271399113,0.0,0.047988184982066195,0
393.84386022709407,77472.10761462475,130.0993336497039,3.816507657093982,1.2727759662524813,0.5715740145017059,4.594159250404584,0.0707147256186568,0.0,0.05111243063486587,1
1757.9632200660926,594099.0147940395,297.8500585004275,14.657277202608032,0.0,0.9596516408696102,0.23378393089702232,0.3506558401195713,0.0,0.4141454662759219,1
0.0,1463349.1395337372,110.75090890842735,0.826395046576275,16.319779768662325,0.6316495342682649,0.11018911306064721,0.0,0.0,0.6183973181788358,0
246.8452970507692,387924.3014402765,36.509740200970356,5.826603749907051,0.0,0.42541827053159537,0.0,0.10069586421829456,0.0405924412918774,0.6079059878291955,0
358.08975190310906,802923.9029757485,76.48394365442238,6.155674264724888,10.128444205794223,0.4252155378079304,0.0,0.25204604281388454,0.19514039066787753,0.1665796962296372,0
0.0,907605.0331761575,27.717140706712037,0.0,7.031582259446411,0.34287119896228685,0.2788674887674367,0.1548641421092275,0.08705286969018236,0.7844947619331355,0
300.24784730656694,513107.38653519505,79.78884205127052,6.373883945677557,10.723863615455956,0.35652136543807733,0.022379089663864888,0.24171230725195775,0.043915300375884495,0.35354990856678453,0
261.01884301484705,677911.1467091825,134.9486339397565,7.78378145154179,5.695098495997238,0.12882772577354143,0.072084687397095,0.0,0.1685831839489434,0.0020518709756817133,0
229.2876065460901,0.0,90.33988763757982,8.735611527196701,6.37783615433999,0.4170368299316186,0.18702120641271514,0.027504429011330003,0.17559963147049118,0.4872767207018545,0
37.03275398241669,768549.4718347429,81.84942135342398,6.2315498239707,7.070785292076435,0.47514789571398863,0.0,0.26174272877538196,0.00543819239455675,0.3607568246900744,0
307.27753130262715,1315433.1298508728,53.74906411335911,0.0,5.01990335001324,0.26709754920424034,0.01468772671253713,0.0,0.0215626666042077,0.5335923075466562,0
1242.5235907822068,152714.0661679323,33.38302431105711,35.306145228700245,77.420850492965,0.7241230965258877,0.0,0.2801224824396916,0.0,0.3769641078061032,0
520.3338604988475,466102.80117855774,59.77980355925322,7.266022551476749,3.73346360682854,0.5486618259740734,0.05785973074292684,0.04824939172629587,0.0,0.7867562115578648,0
305.32320970299025,1180005.0809411104,0.0,7.29878364778661,6.338917932152144,0.288562195525696,0.008716094840348253,2.933246067790906,7.541636829479977,0.06828642529021217,1
840.5061636931171,138716.57971525684,147.28476309276655,62.67948072031118,72.20904111461473,0.7362962121324985,0.05414527493019363,0.12910186455556014,0.1043483342693056,0.2448291024577553,1
374.78601122544677,606207.0871798946,103.34777663281174,14.323880293741357,8.328258994610119,0.3008572385075462,0.0,0.13908780454458228,0.12713051387909188,0.2690584961018071,0
0.0,493133.13131885946,197.2267152577595,2.222296406297358,0.0,0.3104838401301366,0.1860995295106863,0.24965834140183973,0.0,0.0,0
294.6576404450507,0.0,53.870361564895916,10.892964318324822,16.456982303209443,0.22156451614837236,0.14231439521038264,0.17931879731987121,0.020555950893656992,0.0,0
5640.659193618523,808118.987389588,330.9447479792146,26.336958509191728,17.472157999583104,0.9227023638113775,0.04703536634373223,0.08791789533268787,0.23941033433470965,0.6455957788146562,1
292.5459441585754,817036.2006373068,101.1530398293162,6.074429376037977,10.075030647605246,0.5078838656148089,0.0,0.05878368574832065,0.0,0.0,0
251.28717908030075,701500.2701125572,97.46314038487144,2.655453299982903,10.376325968954756,0.19232207319539976,0.0,0.0847602200568067,0.1758543223098638,0.3501326501025414,0
442.2044413529411,836665.2926346168,82.53830034178279,8.69652276471437,17.402195501287984,0.38724903943463757,0.0,0.0,0.08126824169748467,0.8176924899899058,0
519.0788065833136,735400.4858242979,84.10442480920366,10.637728886567714,21.920807563025267,0.35694531155290044,0.015452644435933704,0.0,0.0,0.987085493513111,0
638.2273844443789,260030.34445212362,0.0,1.7694893191133456,18.741523067837317,0.31584692196224223,0.11311470199882677,0.008660004426353285,0.0,0.35798716661440755,0
365.9384150340574,264332.5410032569,83.61652754827615,5.198535285884905,6.408243746076501,0.4151544439237015,0.0,0.1646736663729905,0.030603088214099763,0.0,0
1329.6494040936423,246012.97560313722,62.33380265837034,30.720946232497393,62.600351122545106,0.574748828299308,0.0,0.05363586378305668,0.10736003477724794,0.35975722794513537,1
566.4605229975973,102554.27566965067,139.66530144472839,36.20459751634257,93.08953817327846,0.7833952933209529,0.0,0.1409208503775059,0.08517931164825426,0.0,1
6113.740164112044,1438748.1729623317,287.387200319865,15.90071892832648,16.221362895711728,0.9607594701372302,0.05958888080714757,0.11097759738276651,0.0,0.20610031272495952,1
627.5129505631273,85911.03474592717,56.834219697288745,50.948457951624114,58.27576857737991,0.735919013688672,0.1303631624894302,0.1768214408036918,0.11240466689042866,0.5817353081683552,1
1080.0772196910025,3525410.7391236513,164.39403707533717,0.0,2.4243831990196156,0.21159915710359994,0.12198821909396507,2.0895446820897616,10.238236672972555,0.5189715117071985,1
565.4952013665037,460772.7968289788,123.57446591004755,4.404471297235126,0.0,0.3715163417853764,0.2406571997314739,0.17521300628713082,0.04089035580837751,0.0,0
1636.899565772519,3830263.1174459304,55.56748785411291,1.8854467151106344,2.250184865214625,0.3602857625267835,0.21870722372783774,0.36759399418550004,0.004534861249192813,5.064623873653365,1
371.44870512845773,403689.8051634523,81.09828846210443,6.091971077856599,13.5656731552867,0.45895383534278916,0.2946720820165636,0.2338575848283314,0.002239859318316176,0.4040460412336819,0
417.66700339255283,807799.2745498758,24.255966446692774,0.0,8.795843983901548,0.5763193618055851,0.2636601067183707,0.17515548437695705,0.034966797864559584,0.3254130355246852,0
1080.5427679920926,5945188.702991741,87.82596576235656,0.9564654078421022,1.8660260191440803,0.22274643063381716,0.05544273297848232,0.11600598720668964,0.06201834251794823,2.914529427576763,1
9.77658666702473,748403.5526651712,97.17184237495896,4.661445864762628,5.611179893385442,0.45205857010813,0.07686742456614809,0.10498207245951204,0.029125230128374476,0.7665636030907719,0
9110.871922515857,771578.3889312015,289.6541321300219,7.942386378536693,27.77542270734736,0.9682876712217106,0.03630838312477131,0.07702364169327133,0.15324251561756813,0.400207848219048,1
884.8323320491108,2160945.7340747193,113.00777642665915,1.3409423445094886,22.62115966585351,0.43842916913120805,0.0,4.052420518991534,11.254252610997975,0.43223591596609134,1
366.48118819808514,611271.7531623191,167.8565026492107,7.176448545849347,17.97424032708017,0.45965423210878265,0.0,0.019103077321576067,0.0,0.5983189756589593,0
213.60138346560097,1294022.9271585897,70.964890948507,13.115475747558099,13.51927238896719,0.4747030360404743,0.3624327124738441,0.0,0.016666385705914687,0.362215321832735,0
4178.895686960179,1857411.6407804945,134.51827978247482,6.540377468906364,24.991024989038284,0.9894907321892015,0.10483002637552982,0.13587902297567117,0.15370910378488178,0.2569346027781347,1
324.25987506923406,1611388.4732339971,112.25564005136515,6.044156325839389,0.0,0.35165664135657193,0.08398503229382862,9.063851728730043,5.902316042940938,0.3606943320351459,1
96.48400480188934,457771.963946606,136.7219578431018,5.001840876611835,7.8019812049628605,0.3407757179908517,0.0,0.0,0.07789615984149108,0.6883313295266297,0
353.29260765419565,2175457.5740369023,50.24519029194285,0.0,15.460144386722668,0.16238796015704832,0.0,5.248295993021803,4.108719144330835,2.4042013192224894,1
306.6534064397142,79340.71622882305,41.477866749566985,2.8566718895263508,2.3927749318843166,0.1888288532259597,4.743913086190978,0.032711758207146696,0.2579222515832443,0.147547848812497,1
216.0430002759829,307309.5308660625,128.64120193262855,9.312630648906401,7.2030846552503105,0.24080839184535144,0.15562080370098597,0.03021738978595001,0.12072450807522409,0.24866436909913403,0
2517.3045228686924,668599.6964118003,182.08349967772298,44.055643585396965,4.446819224195478,0.9625268944322652,0.26461575812953597,0.10861724864914166,0.030789979697480138,0.1414553113273562,1
55.931855829621725,295649.61281882715,118.28616287858154,8.022725965430784,8.88610440191483,0.43151557923358463,0.019856358304710137,0.15008537078502746,0.008996409785781527,0.17319388781223774,0
5062.024744275752,1128950.9549134695,225.4835166248443,32.72281219155356,6.041767781131676,0.9882374145768718,0.3877875417642056,0.21217529707930527,0.05151918146763099,0.2944879389730138,1
401.9042696625536,0.0,83.24818597818216,5.104170033932934,17.860851787189247,0.19845946887991284,0.0,0.1397443967143762,0.152166484974931,0.0,0
44.86671932618694,98014.13487348771,28.088846513500954,1.1556321705798287,5.440257984988795,0.3878134154625187,1.8679599646249612,0.33616308455689936,0.04546486820553827,0.0,1
633.9082147102026,0.0,94.72921043452097,3.102799572091503,15.656545135152342,0.42013531512410934,0.14645832382058738,0.14224269101873796,0.0881959683299684,0.28344549416154863,0
211.09987169442843,144200.2864003462,139.33412627400403,3.7689736782636882,4.595113520311986,0.17741657133883657,0.0,0.21740236713362354,0.05051361908194817,0.12081141378425025,0
784.8452210097536,1168589.2727074542,73.0185632726743,1.4829886872745828,10.59232240117589,0.4121283519045465,0.0,4.754694293078956,3.812128361411241,2.0642944949137667,1
7203.400370883718,1085413.8285006084,85.35749767729236,48.745652381433956,15.10150074458448,0.9757459368816513,0.020456515280355213,0.0,0.06437225213657541,0.2631296021343593,1
424.87794355778726,476921.85868005,125.73667306722797,9.932583756659152,4.159522491326446,0.2612684263907533,0.038984722677721295,0.09204263610592252,0.0640119533908619,0.293303162324944,0
132.7020909516438,674376.0799780014,89.0570572450408,2.3212400487484017,1.1060186683534035,0.4140509765741059,0.0,0.0,0.08459799243747324,0.6824513740994929,0
15.446723149442619,68329.88917479845,18.91122563581186,12.547628182572002,2.709434144792845,0.3801230966211498,0.04237218689006332,0.0,0.08234235064399364,0.12207583027088026,0
322.0566900009187,518319.87580648065,187.2846321690725,8.439416710097833,10.200031849309532,0.36481222033753563,0.06556442372272897,0.36465683158619283,0.0,0.1508379669460403,0
291.2633046640369,558388.5999307067,3.0392346133912724,8.086854015159146,6.543206684925795,0.43015897499437294,0.1427291047811743,0.3206014838514237,0.11074420981563479,0.6290752156056335,0
399.8862876889588,159706.36918217462,102.10104845718759,1.207704471523682,14.95485968149832,0.3053341753625804,0.026657768195535135,0.1531844313000934,0.0,0.0,0
359.4888502454941,0.0,120.56532618031167,10.446731268861747,13.807070233690377,0.6053537075667335,0.02463059263376774,0.24775198098435755,0.0655309012758004,0.26228001589972355,0
5343.255240698914,1527736.2962275743,110.38736459747038,32.20790829330173,20.15877486782847,0.9586298391098338,0.0,0.1510036050719619,0.09294677975471409,0.2172582355703361,1
325.7793813147682,0.0,98.45131686628679,4.419375640157564,15.561207529297603,0.4802392908020775,0.0188570878968964,0.09846893300069745,0.02393382260453546,0.889781045966141,0
369.1767241133821,368949.64616164577,102.0387695727116,2.468122489421037,14.305126432276722,0.21120278444968252,0.0,0.13441907840884587,0.0,0.0,0
1134.2315079091593,393243.9163537187,116.79036955508509,60.31840314443331,76.32877013558196,0.7355825069640207,0.0,0.4488005916444647,0.05168855511080679,0.26249348488424507,1
405.9552807080231,885632.353831915,103.8324583547673,8.411931186662262,14.94861655990508,0.2949378205734078,0.05276890643897163,0.12451044061703723,0.10785916657538236,0.32045089298356166,0
8003.74613923013,514352.92750498373,178.20734439616857,42.78214033946942,19.764961943502918,0.990969131111288,0.0,0.0,0.0,0.0,0
1966.6283841151294,3504319.858444544,54.80820089983479,1.2836887176926681,0.0,0.09070844320394475,0.14735523250934907,0.04419734919043393,0.09422209188966996,5.654021320020724,1
341.4606550029306,525475.4489581259,115.94436180290558,22.355130611072948,5.070626152140167,0.01,0.10330113142666904,0.09184379079123037,0.0,0.345814082275815,0
33.297033250125025,54188.69964870828,68.0263206344918,14.85754641243373,6.681162763698548,0.17926133872737562,0.0,0.0,0.010962971492183865,0.9502012454471574,0
373.2789181436779,690928.3562072746,79.50622504128737,3.862227593352399,13.297174438276052,0.6581722587250665,0.045685152024340155,0.4260740121486806,0.028857832469316017,0.698315038740774,0
273.9502271586518,817592.7387837667,45.57732411502397,2.003317678375131,5.699906529764668,0.43418211298968445,0.0,0.08392515622764085,0.026502236810570103,0.6381775918371833,0
169.99361492910697,528973.5092136897,53.496218665935004,9.796926044153716,12.571716362028237,0.14362330516356747,0.0,0.3576900284705294,0.05333788906164642,0.029442896304337718,0
4610.60687038893,1405008.7879932574,225.94790400938095,40.32943763819078,12.571514384684765,0.9870827556795475,0.12125729697458268,0.0,0.15219938105179864,0.11277908310277662,1
1388.407704151975,366839.77844223706,2.2182028336206088,54.72272913308768,51.54497959030273,0.7102854404996788,0.07826310083208657,0.176568516190533,0.0,0.8838099612367831,1
0.0,0.0,41.630116574452515,9.054205155683444,1.164105763274355,0.24941333048277825,0.12046994717367616,0.3320286527701466,0.14526808354064719,0.05451234525822046,0
504.650631719343,322510.36634737276,121.87514076780539,8.181397266164321,5.399968351733284,0.47723272762117297,0.0,0.343192190369523,0.012238430937438753,0.6501262357267718,0
1521.827780772495,208733.379293379,116.8668651155788,61.779213724230885,69.84778432175314,0.6888850569520644,0.0,0.025617712853376856,0.06341833341727819,1.1621453764012406,1
283.0212395838266,244025.63839642185,62.80501695223402,0.0,18.609428267372557,0.1634426776114011,0.029827750468775335,0.24896460971941195,0.06516406767313321,0.3762400593370376,0
583.3945204195211,735049.981926021,0.0,7.904146264188365,7.5829181866041,0.3963241547899263,0.21872619970005516,0.22097424075622013,0.0498895135817327,0.23316145479141853,0
945.5333595502251,3778008.804212307,106.97593427979146,13.762360213276516,8.14507170452425,0.16961388199580804,0.2008798445824136,5.759907913335108,2.3642965036784167,1.4848688877950493,1
650.7296015877537,242954.03559675274,47.431698125282416,0.9542482931657901,4.582410659146831,0.5157808312287137,0.0,0.30160228634453357,0.0,0.0,0
361.9180436246903,440026.5378777571,67.89828720135118,7.739672385913553,5.346894551127853,0.30152042543573226,0.022972662236135328,0.1373719024383139,0.06606577003693376,0.5023107738577617,0
634.4100950659615,3416841.986614068,52.773707919104524,6.1727756385705455,1.728594151957406,0.1944130991454362,0.23969390320181855,4.507675813656078,7.724417314097821,0.2685905478971423,1
545.3105015417351,0.0,118.85726797207052,4.212349457227325,9.598262257944546,0.06821602311637232,0.24233886855764838,0.3385033276374394,0.04658932834748533,0.12743434104835913,0
365.5192666945818,673150.5700359521,66.04811578042802,2.7860821517963785,5.703437881347609,0.3509520340099572,0.0,0.07185704989254837,0.1124442551458221,0.7556356498839059,0
601.2358841871328,3668526.1860366603,87.53243413068479,8.565863948924521,2.881691417300141,0.1813454500040894,0.0,2.481906699929254,8.447775463641676,0.29525284425333226,1
259.8577806738538,358366.80573226826,60.892830725376996,0.816885504176998,6.407329437281924,0.22842592854063115,0.0,0.0,0.0,0.5918161596529438,0
215.20754458935568,198619.7627858845,172.97048162414325,2.1657168027694844,1.7181347981730188,0.39869845287603634,8.457590518097074,0.09673503721516918,0.15998918445665983,0.30175696073829317,1
394.59369798967936,926943.2912693152,151.57579647334867,15.911301500727948,15.34700860877344,0.2823653442725314,0.0,0.12166849543217415,0.0,0.8510619622228085,0
944.1899255752041,1128174.987263742,52.7863056042826,5.12012920965261,9.320346692497198,0.4015014996833084,0.0,9.077166037574713,5.945532839727627,2.287086646818941,1
4385.135537261458,994109.1831829314,167.79509617609585,44.63640548467123,14.55813104471575,0.9613428677712738,0.21084798502633617,0.210182377648725,0.06895940027194611,0.2154149520483308,1
267.6524097603997,3763044.7396782935,57.46734081643265,2.252045017165301,1.089178843990255,0.6003849660745635,0.0,0.20218103541975993,0.056204385059713605,4.3728284194089895,1
493.6897679242521,2239227.8165268293,116.10210136499953,4.1231675056077455,18.553335005633635,0.49631242007506615,0.0,0.7090438352962583,4.278048422268567,0.36994056342634907,1
270.54476163918446,203950.71012326397,141.21532901740537,45.92421828459368,62.02756248072947,0.6551722625922896,0.07895995843054793,0.021592621439939952,0.0,0.0,1
6987.249988363469,996536.2525077991,187.0868350449099,38.980408603049604,8.719344997476512,0.9739709511090098,0.0,0.029089261515881676,0.0,0.7006326330930996,1
1341.4035038176446,1541577.944572052,66.92633345974984,1.7448252348514093,1.8021173251356195,0.18392931996170261,0.08618541391126458,0.10668670332808255,0.04137087589610996,3.235891598691259,1
446.29945665612206,0.0,169.956578718826,7.282294554292664,7.590204039012922,0.5098372550651654,0.3069636625175115,0.22353697153032848,0.0,0.0,0
2084.800071841015,145942.63432480488,49.023641464688424,2.815948215039594,3.148486888483272,0.30093639451163257,0.05230101726782517,0.0,0.16149393779650256,5.709178639988727,1
246.49004709414925,561081.1554827811,127.18196351138415,8.881445958591053,11.03363113477241,0.3939442332062888,0.0,0.13174810376083967,0.09962810921622632,0.37883792033590213,0
439.98308034971603,274881.92600855447,70.78947312302475,8.280060910545643,10.434952107463431,0.22231268099701973,0.021084219695764912,0.04599217972001847,0.14918226468856277,0.3804188470218831,0
478.29163547530914,1000589.4013900519,120.56770646347775,3.4691536665383302,17.570029837583476,0.3963311487787752,0.0,0.03543345315067932,0.008210691260696464,0.19500610713665567,0
644.0637152760193,3495078.825200442,86.2001046828351,2.920086074114134,6.520812282146426,0.3059700569453213,0.10855728177814615,1.4825792589223368,6.533803565317165,0.5881561178899064,1
88.89640546024543,69699.51059691745,64.38055566012301,3.898518748052047,1.058993868323822,0.5895873443056511,9.958967916027166,0.0,0.0,0.7301885714466068,1
486.93892668047255,368896.50580681127,94.78481868864675,6.3922506538895565,5.260624899323191,0.1742584992304037,0.1651891371694313,0.12110489067755591,0.02735165474751029,0.7780294441481838,0
283.6250158299073,206848.2908744421,191.18973704483253,8.793855173688792,11.278513130992181,0.4193357469759521,0.16766340924729717,0.0,0.0,0.4221390987021468,0
6048.07146399416,0.0,160.14440774148434,16.334749271815067,10.449597267191258,0.9879483438986264,0.0,0.2536998849394565,0.11652375600598791,0.0,1
347.46125217844434,997087.7719595123,53.42048741799479,12.736616208067794,10.7584599196015,0.34394098743138846,0.0,0.023412868145432933,0.06469574678080567,1.4283007131195662,0
641.3303123729836,646294.823571803,0.0,8.86047861799241,12.968870367872887,0.37072159420679046,0.06412016588747219,0.0782609942448631,0.016741702852637687,0.6823786717466459,0
245.90510200108235,150814.42457457422,167.89677963557187,9.950377747361156,8.275388539955959,0.44944363192669445,0.0,0.08717983946059069,0.0,0.13095056564519766,0
536.0551264866779,212796.23894126882,96.48370082902073,2.2398187317385396,0.0,0.3272745403885006,0.0,0.0,0.06711272075957303,0.021078127817423187,0
60.386155599305994,255828.4748506009,93.96571185621576,0.0,14.420262590884828,0.5985015791276017,0.0037780393426640087,0.2855179807068766,0.06053950882700781,0.39621846896404267,0
153.21633054700553,678165.7155011916,129.9853308942395,9.962537058363033,17.5888626835645,0.6085430152480278,0.0,0.05519406907338292,0.0,0.55643043053562,0
608.7904020720894,193010.928178167,116.2814092383084,56.81544579827885,88.21261209516082,0.9082649022652715,0.0,0.0,0.0,0.5709698326987652,1
455.15641797162675,970415.1962618637,3.9784588719618768,11.260374430118713,6.860331140644163,0.31140227170697815,0.20779120059931863,0.04599934281000427,0.08762159246915882,0.32971074636447234,0
212.70399806189,734134.4265062171,75.22853741156587,6.911946073619379,7.472993679560309,0.393643663171867,0.07196516795230676,0.0,0.05105549247851524,0.6070299399757815,0
303.20624306237147,0.0,62.848881005557615,4.0968757646681775,13.93337589336214,0.22737030526406243,0.0,0.26217747662760826,0.09040450769597012,0.6152865558817131,0
300.24905869502777,612890.6532148942,115.44765482994364,10.338877602630907,7.056465156428694,0.4458150105863721,0.0,0.21036290789536283,0.13817325119356316,0.8257298594213593,0
448.6384173235475,1095429.9255478866,106.50914337289993,2.660789714413182,0.0,0.3503531825150437,0.1272888212204828,6.691754871297764,2.5565498423414095,2.8018263211811334,1
469.5857343802354,649782.8539739894,85.18597971946897,7.520752230930885,8.370139891892002,0.291498924694086,0.10568616074199325,0.0,0.0716933037469421,0.15553432233091635,0
163.93905386178326,203504.77614633896,93.34809879631347,8.712577217677753,0.0,0.4297251821958973,0.09418296510619507,0.3163591422419103,0.0,1.1487869333123535,0
179.16505988693976,366005.66147419496,30.532057249774518,2.6060591307891086,7.48345385679345,0.320552346221286,0.0759501409403312,0.06211828308671315,0.10546896077245291,0.03223864103980373,0
500.49640855482875,1122679.0439055068,146.05434208587835,4.477610961267365,18.953383005667874,0.3062082763418088,0.03751193194312962,0.048306163114865075,0.03403304630689297,0.06401066801218219,1
1405.8702150006527,5962664.630249053,90.2897719698544,3.021682889929309,2.167232141189941,0.2819703513771764,0.0,0.07658843445027474,0.08610994871221456,6.875400508305191,1
1228.2219761085355,264476.90767242457,87.63157403762348,44.864241283374426,67.57904529671193,0.5981180903505119,0.0,0.0,0.11922903674615158,0.26220389397000365,1
230.12679226295262,1088876.814675854,139.416905579142,4.8611722720932855,13.748993592508949,0.3410338963782456,0.32496257362742687,0.08488768903797816,0.03559205592166044,0.026162166817768506,0
341.3026244098768,717119.6947319878,45.554582911756135,3.7606679411176973,12.745158685304133,0.276552737244377,0.03571374877496814,0.06810725547501836,0.0,0.38959248904109245,0
265.5284432953196,259729.43048292346,68.92127228799329,5.348028805402349,3.416378671862926,0.23248623927637885,0.0,0.0640879949538267,0.13023278951584624,0.0789513138440126,0
326.4037658572325,513189.4009056315,79.64371720299437,23.27023201122091,4.807419487111105,0.2218602894713927,0.0,0.0,0.0211771106593522,0.2770161559152095,0
264.1128842847301,299221.2402437085,107.19705072275946,7.982434087054592,15.083381004616532,0.4430478587233725,0.09475894096425701,0.3113218478661765,0.10564419370353678,0.4039182416580592,0
440.2986832594395,1499985.626945397,90.17202602114557,5.685966384280222,0.0,0.48363049842123185,0.06304899907989661,0.0,0.007508623331392884,0.0,0
423.7139544442707,54286.33977993186,136.97859874893493,2.7379791308932213,0.0,0.5681125241923686,9.655166270586488,0.3255837782107047,0.0,0.3202507630576018,1
1340.5365493352326,6464619.604183373,68.24137621169992,2.1500094993227887,0.7307104185771345,0.5428457936598844,0.38459061778534465,0.21503285891554863,0.05263075413213965,4.481008750915202,1
466.268231795656,1311112.292509251,73.41154604905938,14.954492856164576,13.684086539554665,0.2220062818895345,0.0,0.08001226730652941,0.0,0.2806532578457419,0
158.94913658795124,775919.0879686489,32.80723214048656,5.791013860622438,14.212216051390097,0.6481544394256431,0.35655313975462366,0.009674143853544495,0.12170534529411392,0.38152089618897667,0
2598.3463781652235,2607040.9230590537,55.1388187165163,0.7581219241373187,0.9215631620260996,0.42864889598405714,0.18905501216969356,0.14047826739276462,0.19482831052940475,4.106899315612653,1
311.6142913389189,758790.4106819989,46.96057907600941,8.518251437620268,4.481253637254247,0.5655261310980129,0.16410377123588657,0.012603911291163686,0.13795331527758725,0.4894878901957895,0
53.20662846029228,503769.6092092674,9.938443004990646,8.352251777850855,9.403086657923888,0.5674296984339459,0.0,0.1034318983038429,0.046329112469163304,0.28544037016137813,0
81.91406977620758,50200.04171212588,200.76328466363788,1.4806035520956256,6.128829031453402,0.31364884701912976,0.0,0.03342792336677175,0.12120356024081129,0.32472806873342736,0
309.32912371533223,569830.5557492916,59.18486391137115,3.7831506023643655,7.127428079722251,0.5151553275237051,0.07321241501480175,0.0,0.04914043436730443,0.26851288775881693,0
332.7293550449208,100289.35040577165,82.26894095807884,2.545017640492987,0.523503344641572,0.14338089679816668,10.419675322962032,0.21051159556096427,0.0,0.0,1
343.4494138651195,751073.1463528799,91.75365086552608,7.181621410141004,11.15826899342464,0.0670278354085756,0.0,0.14587607825776114,0.0,0.017909648143575596,0
563.6454601224915,0.0,159.58192541046236,7.404271743627611,0.7313919507958548,0.29881865912162103,0.04606695387248741,0.23329037363555954,0.009703912230894833,0.5107007640022746,0
1801.4845189828036,4974560.791550771,60.600015324137004,0.9841624491160997,1.7769934750803453,0.1990477714018226,0.0,0.1063404564408818,0.0,5.331631276874347,1
114.45111929436729,840073.3219109282,107.88967943581444,8.299501331538853,12.470389188101034,0.26096899681408386,0.0,0.0960491875766278,0.0,0.0,0
639.6431024530161,265896.9563832707,127.63927467254437,6.088544809240036,0.0,0.6569723985839524,0.0,4.7293774691411565,2.791666394646164,0.022093173882515194,1
225.91063468945754,158786.26190387004,87.90653456244497,2.9097279660739623,4.938057914327015,0.3306495849639665,0.3466236692489033,0.16399813075282624,0.0,0.0,0
5110.435561055011,1383987.2294121655,338.16677246962877,22.101759244949502,10.821298303108833,0.9515900530437574,0.0,0.10116005170396636,0.015037859291190891,0.5317819953996269,1
365.53929032706685,0.0,141.43629415631096,9.047928407063301,13.239823715670237,0.26043079396269575,0.09234978871175487,4.2205701856258555,2.9867969064526014,2.3081652215063135,1
4154.41723283796,214631.98551177874,215.79072646944553,19.729392955963984,12.96887658187429,0.9251350946779547,0.3065036956039603,0.40874052146553386,0.08187838577120167,0.5674904619154713,1
260.33212902249414,198865.9678169032,61.88636826782904,10.499998322148667,12.783674174899998,0.21559815253402526,0.1534419395396441,0.08343750795970764,0.037264301232929536,0.1552837132966493,0
686.3131944915922,345029.50646689354,90.12438373639056,4.25815318382964,0.0,0.6185103382014256,0.052905467397984074,0.31675049652252507,0.06166883446597671,0.2566927166189732,0
298.64510130022114,607294.352620037,86.91839609969861,11.689783847000243,6.137274587891511,0.3724165555389649,0.0,0.0,0.0,0.5071274104859639,0
0.0,264297.41913276224,47.503183380823906,9.591739434470814,0.0,0.4560195968580565,0.0,0.30225060286229144,0.006471825470879038,0.5746435002998405,0
274.54687982546636,225894.7158046581,105.94735483748259,0.0,15.760588849566211,0.6272537858314542,0.13525005745233804,0.22679402570151064,0.20850107637775395,0.1335305545916605,0
141.91714367554178,36005.59744735471,165.13737469426385,3.3090064982555454,2.0984184158257824,0.4643829402105088,7.00844773049889,0.153924797379191,0.15074707809695895,0.0,1
1597.6640825163017,4800119.7240234725,91.36306194066573,0.3167367183944413,2.0593778371839866,0.24744547963487917,0.0,0.19721678277655214,0.02269426302486695,5.899926810102796,1
8327.229832208566,965890.7064786063,142.0007975401682,20.846679972602566,17.716053510361675,0.9732728569475617,0.0,0.2465268516090224,0.19604609143427965,0.5108795663986128,1
1075.8575707473742,4490583.6535643805,95.21500905241757,11.24875899638317,0.0,0.38003705707811414,0.0,3.1868095459627135,7.609731517528307,0.2284391460314596,1
430.9042402404029,503684.9403219483,2.014579697461386,6.58234207525711,8.759255653180025,0.42517546680427726,0.08598401443072382,0.07141694629191148,0.057114149635043354,0.0,0
233.3765977042258,97192.02839916525,29.857369023890136,2.7720169877116394,14.553867728364558,0.14795142190926444,0.06643329260665631,0.03915397375813588,0.005799731450294568,0.6666032687786079,0
1899.5633947990414,3954446.8867564034,17.413327934993255,1.9533617937064334,0.7282899990014986,0.19425676277228104,0.35173659328702134,0.3422682113161837,0.041220832201277355,4.146861171280382,1
387.38956130712734,837842.5288761652,116.05411368289279,3.9482963427419366,18.16519238854353,0.43270033940868446,0.21982755154747316,0.46206244678847935,0.20085533326284716,0.24317178464676437,0
4223.4570161361935,1056389.6572514037,237.72327587804068,28.397016840311444,2.109333313432181,1.0,0.08820793165165744,0.16814271308466672,0.0781283556338368,0.7168683540926649,1
305.31420145667823,111839.45448555524,36.12668878243844,4.802644674418382,7.228317163679691,0.5659944532124855,0.12436185241212866,0.15564508005625338,0.0,0.0,0
0.0,1069255.173338308,0.0,6.3198885568442735,0.0,0.43686096312718903,0.0,0.09141565283144981,0.13979395274398576,0.5517234007386418,0
206.16373365723635,158259.71709620138,112.0714941915281,0.0,0.0,0.3693639406700495,3.984530131634428,0.3010177660851473,0.003780548624553015,0.0,0
203.78555170971288,18699.235432943184,105.45063803245543,2.12556926627781,2.1057074247327185,0.22576978022377783,5.688200865279006,0.0,0.02190994097399466,0.26564798868831097,1
195.16889037698945,222964.28491304466,71.94704017282368,4.872164894656978,3.0920844900457416,0.26671747005277846,0.0504273586744374,0.0,0.006231202948187846,0.5716144878858097,0
169.26831971105682,0.0,54.260868928667136,9.482059454113847,4.966104802077513,0.5790306819140175,0.23650265066462278,0.25836835998543106,0.0473189767471749,0.21068035234057736,0
285.81370861599373,1082.9958571089082,109.94485020845758,11.998648901720852,13.278285391227199,0.19179078248648251,0.3133235144135368,0.29498200586208123,0.0,0.0,0
4402.698135442277,1199181.1321801043,214.41118746078237,32.030823791896125,3.233794096860475,0.9739141225504543,0.42622081720654514,0.09837837617864861,0.0,0.022406588779706305,1
327.00437724226276,103492.41447416868,69.96456699788612,4.901691640307213,7.682213088495508,0.26155079106089185,0.033017665275219765,0.2407866944592033,0.0,1.0859752359967416,0
5926.532511036227,1167084.8917406064,150.6321148796734,29.078575494297198,8.535149874474588,0.9940948616679889,0.3558775545550559,0.1967302983650399,0.0,0.015136414747089544,1
89.12576295310609,524308.8485971928,60.913499501623974,4.7794564073894925,6.484556059960374,0.5432923384855041,0.0,0.1881931535351234,0.0,0.0,0
277.36695238825683,0.0,134.07969712396596,4.117026384882573,8.273829505320146,0.20093420225854391,0.01429910483756059,0.03228958841483115,0.006073855892094644,0.04347955191228625,0
217.1391405445873,455570.4249832517,109.57503239016012,0.03759036608761157,3.9570890260264857,0.3686915053115005,0.11083539663582002,0.2424343622510933,0.1148260813414817,0.6324994887029283,0
773.4115829400464,448416.11303506675,120.51824700748166,88.42829235297592,78.32783762501661,0.8789298694537834,0.0,0.22831067888114975,0.023084327813308415,0.15580872545855584,1
576.5386861502009,2549753.9528490375,102.16147170148956,4.950207819488334,12.65060330576165,0.3039869003840615,0.018399521493120137,7.005444406974236,3.1100572541651856,1.4355405306144067,1
406.5343986030636,694537.8831661097,128.69528511816347,0.0,11.565817313278469,0.31376410907344227,0.2838612655613785,0.06980207134775918,0.19067324915944223,0.6396013234147399,0
417.7677682949351,0.0,48.730287602569106,9.820572027508948,0.0,0.39193835149153744,0.0,0.20518564702418,0.0,0.026397790035344537,0
1795.6037475683997,6116669.267281624,85.67467123554886,3.188777691673642,1.5608410505034287,0.4127469303309434,0.1327323579544054,0.07123152744115094,0.008453181592192362,1.427161564073447,1
1023.288772316784,1969329.7253434872,46.484953492347856,5.320654945516463,8.97833635507403,0.20764671262696424,0.16698457137250516,3.66047513968946,2.6041074855102586,1.5634587082997866,1
72.19649343986441,87031.04870515177,15.137163701497556,13.017351923837522,10.740799962532533,0.5527142745903717,0.012913497741586257,0.4383296256408368,0.0,0.5898067960263047,0
188.72835145274092,0.0,137.35731164379132,11.480711831776699,13.388965858829206,0.5428507634651195,0.0,0.0,0.0,0.7052203743253078,0
1326.724810506701,183985.12158445083,100.84504300218248,25.314006911342844,45.109329045073764,0.7033790086418928,0.2663928631271891,0.07668873751209171,0.004853497996354927,0.0,1
201.91011140462587,540552.498878279,58.76527523511696,0.19049889200093872,13.702558604386795,0.25451496451805183,0.16906471813304122,0.14491422918903152,0.09863516269915518,0.5656088970580161,0
0.0,3127623.3961581336,100.9456651786929,10.083685870751621,0.06562630664784663,0.07026125030829783,0.0,2.4694789841638656,0.5064881625569919,3.399462743001684,1
5810.98909357147,357855.10623174626,50.536308133926894,34.240399032324476,14.258730955261125,0.9585333229806566,0.3579329677551597,0.24303242323248903,0.050139500004623944,0.0,1
174.42265987450787,104796.18851895219,158.3734853454664,3.761381937033323,3.242113988822255,0.4745901427238659,11.158039793711506,0.10643397795095788,0.0,0.0,1
470.9280566725421,462654.40685694607,198.93571049839798,8.457262949697952,12.007249962685286,0.48028447906343474,0.0,0.0,0.20084455228512882,0.0,0
153.88044045885184,172125.15042137273,54.568898618637306,1.563049889987731,5.937252797829128,0.3433410189665415,0.25423668710558933,0.11186768120050203,0.031517472930032125,0.0,0
274.64407192276065,244830.7917121131,121.68922324772349,5.752048460590303,15.642955712659772,0.497725448808087,0.0,0.14097511425224724,0.0,0.19568677603169415,0
540.128035960959,31302.950344787183,85.75546736837721,58.18559975353862,70.46010507848732,0.6383196734169638,0.02024767465997381,0.09212109467637108,0.0,0.24949801468252772,1
342.8971005082494,2612184.4838654688,50.23634854996299,12.160098517880197,8.618567955869064,0.3730925448498114,0.06355603587295004,2.89986727313511,5.944486187072783,0.788153080496024,1
452.9594817052282,2004470.6653267755,75.41079767126216,9.626488054187025,7.426433165883073,0.016106921321631384,0.28272540667664037,8.664799105382922,6.330867619633098,4.0098879006326555,1
462.5775502112364,3804326.853514482,71.25341155430777,10.402758666982653,2.224703491779394,0.2773510220340039,0.04553966143745215,3.066558400257481,5.000014033249238,0.46494441521497787,1
4172.251488662792,722144.2704093163,140.2443568644407,22.57297022969958,16.834404836795503,0.9770228795409162,0.04449540109138006,0.0,0.0,0.2588747145147011,1
330.86946711639507,978865.1302146069,57.54555102742988,4.021782229369995,0.0,0.47649549822077897,0.0,0.0,0.020553031257074705,0.7352563892700211,0
259.5309394927734,199433.40573104232,81.76006334020951,7.526641436743459,7.8863343911577,0.34423451907983355,0.22950559843845247,0.1655877033336955,0.09227016758921958,0.0,0
35.31300809829037,372702.0325495298,6.926076307955526,12.83700763869211,2.6960166046011063,0.4197591034131777,0.2650285092093984,0.28512869600719337,0.056478246347999146,0.0,0
700.0550598176305,1591460.8051918328,14.709499810185392,6.2724778857732115,15.68052392122473,0.20893015353170372,0.0,2.405406740946295,4.8726013149871035,1.4221541033663796,1
307.7635539228071,0.0,110.95187626945307,0.8680077294240327,0.5189484105108892,0.1534995942031696,0.0162493028718276,0.18891083300131262,0.03484158952111289,0.558470300725542,0
415.29441328263,248894.95939230383,78.10460678838037,8.387052867180442,16.97923949051059,0.32005246058587533,0.0007225765240033329,0.0,0.04265215398199378,0.0,0
518.8422587724554,467933.7972378785,123.83893831204098,9.830919834251421,8.921331414019976,0.33331961745613975,0.01261992624643598,0.0,0.0,0.14465249247357725,0
798.4803947516118,1538488.3775562372,59.337249618443565,1.6879386708359423,9.21003453691403,0.35419134145924674,0.03918262499630859,4.856469048993018,3.0731631515554314,1.8621224128291147,1
196.535547491582,82293.64686593787,113.32307254279293,4.0999479132543515,1.3824739867315265,0.10923343030152827,6.4567092328395255,0.15486646410089538,0.018708655307369197,0.3534267703177604,1
590.1309950643897,4222914.416357245,65.85217626110672,6.1580697742887285,11.572174941785994,0.5535556736424426,0.07500853888171485,4.574936075304726,6.034674062426202,0.5712660590383623,1
5700.742052852269,0.0,158.64681703478252,42.08843703472337,13.178093784372345,1.0,0.07232031242431203,0.03958350220119637,0.019106546237403224,0.21416153768753593,1
1479.6478245315786,4340924.036205618,99.18272765324703,0.22150288011765362,3.269149172019202,0.17925832480140733,0.0691247254892437,0.15813644044172687,0.046077878842759226,2.9694810409016856,1
376.4324925410352,489304.8694641345,209.5346151414517,2.743128549662239,3.5126697192364675,0.40245929581357015,0.3334717263342013,0.0,0.0,0.0,0
379.95266707128593,763192.4588465854,76.90269604525122,7.985158011469901,5.8257690145941625,0.13722990268414667,0.28424248258429496,0.12530559215211642,0.0,0.7610919100588431,0
738.9775580622953,423020.35117858753,102.1572125536439,15.867607184068355,13.29003486596144,0.4954787836409875,0.0,0.0,0.06869309947242605,0.8989772722257008,0
5024.716148433219,1680914.5102853368,197.19482878170177,21.832179430324743,4.104589298255943,0.9306002291220477,0.0,0.12978706919697816,0.04126189354969906,0.9235135818023112,0
137.5308740407282,0.0,91.54816624010179,5.363733455073563,0.0,0.22641851312985514,0.062272187039921094,0.15059991916660714,0.10095642904695665,0.7551236616814401,0
743.2706839009835,227504.00954005247,45.64750213710481,69.27347592961107,63.03682479774626,0.7059297613315691,0.04511348215662355,0.27212598933724474,0.1718475932988038,0.3897610111927068,1
1422.2194094504011,6886843.076520477,87.36370688083642,2.04067791538298,2.4285761165630952,0.29938750547578963,0.0,0.32688318786356985,0.06978193738124173,2.4136934607376808,1
222.14832233325458,153439.7425791517,87.87131915861869,0.555816024480499,1.1055082204859668,0.16835354629601548,4.837797395214388,0.0,0.10059341777047232,0.5169248366008568,1
247.64133557674313,264382.84105535614,56.60672812905412,11.634715716061493,4.303596530416229,0.3313245901751724,0.0,0.0,0.09958831842612265,0.5597472654443375,0
1469.5275387777644,148555.30858421038,62.45142386766106,81.7801047489762,63.11702425456228,0.5557864750367046,0.47388295882957465,0.028526934264206688,0.0,0.23176320671293676,1
381.23779583630085,300778.50323830557,69.57199061905735,6.001350520440899,15.934506224990509,0.4763236410803865,0.15693497166451828,0.048495989255334424,0.0,0.020213580474902182,0
748.0519433956855,2310197.9511552006,86.2025951131268,10.826936653631465,14.509634199829959,0.35955100650726907,0.087330031349105,3.8141423973045248,4.745985668802662,2.920382928827633,1
289.5337823421442,232935.8179488217,107.22372582260778,7.410536715149851,2.0160257740199405,0.28462872739263195,0.0,9.57171456248859,3.156187266198338,1.9044202969932498,0
825.1978143722584,1271448.9915337302,24.827449900343346,8.060016097975263,11.315890164524689,0.5058977586687289,0.0,5.432040856790643,3.644358435472436,0.857593511794019,1
184.68394739356995,37410.30281823006,95.58039744182493,6.170888578622871,3.105268447994451,0.5861355282700074,0.1949099603352926,0.4481890495304065,0.0,0.4459557920472633,0
232.5644162118213,1255499.504201387,31.361042832117022,1.3316725653772714,8.579839664318392,0.4936530107902868,0.18358043049550948,5.959952230046948,3.1915142791084485,2.0678714561504794,1
403.4543265677723,311685.7167789697,152.39847451601332,81.25510325134631,56.089974603265894,0.8307303659103914,0.020481191411328245,0.042288394013490965,0.04217388543711216,0.9814847085223999,1
109.03870533293315,709130.8349567251,133.70583684062808,12.134704382179695,10.949109951066271,0.28523234953510745,0.0,0.1522289833342188,0.09761264051334845,0.0,0
1272.8697508963535,306912.32064612943,106.79016584888028,87.59280993253077,96.93492218061175,0.6063213508946296,0.13477718775197173,0.1432722192339646,0.07044836680411946,0.0,1
498.12510822707355,819898.652388019,109.98580334257409,7.741015079724094,10.724284257861303,0.40138490746873245,0.0,0.35395906987519354,0.0443887238610276,0.5340668082781914,0
622.9266467408271,502763.28110920545,190.8669857415057,1.5814991257159718,16.401651395009296,0.4203502861513,0.0,1.073882411470087,5.919954947218042,0.49457512134592896,1
3453.9135970803613,1252857.6348614178,290.4835687237541,33.43484237476996,4.1277847366140685,0.9606594820984048,0.056224701014090675,0.33002678036915584,0.0,0.6753979749078383,1
1942.9050697876933,4032199.8530219933,129.9254002540435,1.0120612432944016,1.7786405227081858,0.24434050702726656,0.0,0.46926724469293657,0.03295228041007346,3.2025860494125427,1
389.29117389905537,711728.5371036134,67.54954200028192,0.0,10.073350270231083,0.31393605122702345,0.021894794125641708,0.0020227329001379912,0.026392427527816995,0.0,1
331.8855255610189,76712.90555313136,143.12589095464028,5.129127188894007,13.478509317797762,0.12424978048980481,0.019621842429145747,0.3417047691490446,0.0837676212436137,0.4491692018076023,0
1006.4173529409525,1281997.7955454148,81.66795094906736,1.0142280117319418,16.284302043828514,0.5330512962902378,0.0,4.828589722600973,2.7415822965491126,3.8673122339005155,1
400.2929962667745,987270.6804327061,74.27036420588638,4.483991916447513,18.852970151582436,0.3940605661389067,0.38208404186682454,0.09074252231933519,0.0,0.4044877196823407,0
249.71648909669418,792499.5357130343,128.91928226323233,5.799525439477819,15.117042361207943,0.5201929163925677,0.0,0.0,0.0,0.0,0
581.7290326623424,149616.2663472992,35.85179528108688,7.69497255237413,8.03325889526178,0.09635526085318094,0.18324593905701114,0.1268336731670393,0.0,0.27579744072411166,0
277.12872608456024,347767.7135346048,28.326411998223996,9.588628043750317,0.0,0.6775741655495559,0.028153163061306694,0.0,0.12136439150158629,0.0,0
4023.345087191482,1048302.3024130901,178.9417865070511,23.71953903478512,15.796368617667351,0.947856648045069,0.0650927809077251,0.25050932322397007,0.0,0.6211622243556859,1
334.4554831575074,44291.31704642087,73.44697331106153,1.146291270592409,1.3125430702484628,0.22034136963046153,10.473967029645895,0.2040739057647536,0.0840331987689514,0.20924320452475753,1
338.459573070728,246942.80110784728,61.49926842058719,0.0,4.142895257216402,0.20596501834958508,0.0,0.24391853154791457,0.16257012205735874,0.12777312142939168,0
191.50253167343288,26630.58543688769,36.68729218880949,7.172977904467185,20.482716240410543,0.29612038342429686,0.0,0.13910509569723453,0.06349341329637602,0.20059042049092404,0
295.9118663871126,336381.0093292117,2.092699208619763,8.905994059971261,5.273929471155753,0.3850507916667893,0.41071548953943526,0.2214338169603891,0.04044551456814607,0.30415505639987084,0
343.59040868830596,347113.2352031394,94.03826337741685,13.100139588935521,15.329736568315763,0.20204707943021671,0.011388245366798541,0.3430750790187287,0.11243585444880562,0.21524763064193664,0
246.75012522093937,448985.11916139146,104.58642807269786,0.8786883282056825,0.0,0.19940716634177144,0.17275068921519435,0.12471101813697652,0.126256390679303,0.7179955382205857,0
1328.1622571927578,6190789.230069082,49.39075339130859,1.3881350671934451,2.458571028201906,0.442273000380427,0.0795067066238712,0.2282945805620128,0.1317841878953862,5.781406783540866,1
679.4115605045215,696366.7501328553,132.22743726384937,4.5795049731960855,2.3605050372727314,0.3909441805350203,0.0,0.16109827093094992,0.15795361735869473,0.0,0
326.9446021365651,817809.672455033,49.7135967938316,0.9834130481915775,23.564832266025658,0.3385976346837181,0.0,0.08957580545100005,0.24282675910267265,0.37568522878452326,0
1040.8311261294768,6694913.914484337,57.43747410753417,2.0885406654578453,1.1084834606594933,0.46784177341264577,0.0,0.24612666012405696,0.0,4.9846062662871855,1
439.2798746693871,237051.503599017,118.73944991461555,1.9455552809570564,14.06520714415731,0.31783811571703846,0.10393634551839089,0.14798912167620423,0.0010973970346431355,0.7325561065367876,0
107.90534783932421,489807.7654590568,7.983707812129339,4.672297626853819,9.92875346714303,0.38783672403414304,0.0,0.004074193929035269,0.0,0.41456233790801833,0
131.72945757088493,183831.558831076,89.98705859381101,3.590700793242108,0.0,0.3686400309580459,4.981540247754204,0.29583557022956625,0.026200716144064943,0.0,1
1283.5565205147373,5886633.748164054,47.43895745105293,1.6048472163944276,2.5715841917546007,0.3526248723784809,0.005633236650551637,0.1539837999399568,0.0,3.199695939036217,1
717.1019179435634,159252.48065116862,100.07392406029936,34.73710225843195,52.345245631681266,0.7263075673504952,0.0,0.01093105287840998,0.10084356569937855,0.6930645980664277,1
95.99507823180645,743128.7630424097,118.75667184545502,3.9591341200552295,12.653343099462187,0.3072567284714891,0.05333031192449621,0.14905641992027355,0.08098832383955344,0.7642803527558522,0
844.4952438813193,1023158.042042871,122.977160119901,15.62506400867926,13.14334390964552,0.42187586918834585,0.0,0.08602421310303156,0.0,0.38746433905794164,0
1592.2598703470314,5636746.265507285,25.88950190286613,1.726620750883599,2.6331909788418906,0.4047956464604294,0.07910898517104506,0.0508061172892868,0.05930113098968497,3.269700470593082,1
150.5980227335075,189230.54143813252,26.412944342642298,16.7172341238849,3.5321310675979687,0.5667209221302609,0.05515293912221465,0.10538113117298338,0.0,0.35030948369389664,0
336.28816069301735,560069.5101251283,89.54215562808196,1.3977212187535013,20.037012016935382,0.36118857071194377,0.07642599795736368,0.06715475299348131,0.14209164384750622,0.0,0
50.605035817401244,705595.444194393,55.999490580277765,0.0,8.502617859110678,0.44622192289160684,0.1711676173482822,0.2989279072429064,0.10112942184266804,0.7237257918937217,0
327.95822805875565,107754.0946978489,94.47406018551611,1.9086498054077108,12.699046454806819,0.5125925164976404,0.14837624983829162,0.10235165118202762,0.1357482182923898,0.0,0
1568.6244883412762,1225246.998053004,75.43023834113177,1.603274805267719,1.5613516195029522,0.39826641501430016,0.0036471605050436874,0.08093896396882776,0.0,6.404651669065089,1
252.52853667843027,113449.49876566633,99.4202281230717,16.45834544697744,9.184515291209426,0.35507608472929575,0.0,0.2059242185081482,0.12159421531593992,0.37915339188452907,0
86.63498094654301,526321.2772409354,25.11052363239292,4.608731157714136,8.605180073566894,0.5313350850205596,0.00013902329622436302,0.0,0.014576214277470322,0.5433629263893036,0
451.53944440495604,160994.7319019484,115.70766294157568,16.11054475426738,15.77689387768752,0.4110726476444205,0.0,0.21217048009566636,0.08274053988902896,0.5238831475081591,0
1510.3490951312128,8649006.96497735,96.34781259468645,1.0410824657409983,0.905229786428692,0.12145821883861654,0.0016539382810315736,0.11506217130574958,0.001217929494348513,6.4222976815926724,1
379.0391870685397,0.0,140.43438104301865,12.980457846223718,9.047935853447656,0.3974516183740153,0.0,0.15725910975698099,0.04619864222402427,0.0,0
306.7115164415268,258473.76726220213,45.16604729482228,60.16591347557714,67.66121813545993,0.6672244222090679,0.02990998270400293,0.0,0.04813014864032858,1.2748266204811856,1
581.0959113049771,2357471.645059233,81.25147610959735,8.042141563295273,4.057867745141198,0.10553935881671547,0.0,8.54357794647142,5.841384746612643,2.155091673565992,1
256.6159609121187,385445.7047320163,95.5434262169604,7.419530005877368,13.365202161754794,0.14260651139797773,0.010542648245887645,0.36274438343360754,0.0,0.6533416934177608,0
444.35793718600183,1613909.9992219536,76.73125207582417,6.44991789408148,21.809184498150234,0.2753888060245311,0.19106405821419262,8.30825675921618,1.9347721878782729,1.0888283884137369,1
282.0757974146318,539561.9301171763,101.08142374700533,6.854776760937526,18.878958452903,0.44656107697288483,0.0,0.2183032652173506,0.013558390089868123,0.5523588240011642,0
388.191668622511,553985.2662668936,60.32445079607417,0.0,12.032976265249651,0.39571783805880345,0.02706113470853208,0.0399874563125248,0.0,0.0,0
583.0599726035964,0.0,98.89596745816746,7.207260798012147,7.243775013471078,0.5412162712610507,0.0,0.030414350351049085,0.1640636378861804,0.1487131742885901,0
285.936018631447,388685.06194970256,111.48880682818313,0.0,10.124806033035167,0.08244830142765497,0.051631046325452554,0.20537046628012823,0.0,0.6888645972278012,0
158.05493843220432,637507.2356976413,77.63061531450093,0.0,0.0,0.38060701283292575,0.0,0.21212032861750588,0.06446961811325226,0.4735402233215057,0
380.45142624794426,711154.8982919529,122.602671754881,7.076718966443746,1.8813121308446572,0.5670693779137324,0.08080416755452695,0.10033457160670552,0.0,0.0,0
341.81203087390315,198415.67942131526,75.70994087152573,2.702511519133652,16.0541124193861,0.4615171908087565,0.0,0.07034622283332007,0.05160135217468043,0.24624029579900342,0
49.54937791263853,0.0,138.3764125953474,7.505565835503468,10.097572521233745,0.42494264483764177,0.20535904174892924,0.0,0.0447190513403814,0.0,0
417.40368994481565,1146017.6117959586,89.89159687660343,18.23158929455162,0.0,0.3644456586501687,0.0,0.19787541576396617,0.0,0.6398094376082243,0
1952.3836302249722,7277209.219054202,54.4823785242133,2.357490454144691,0.05763158980470595,0.1526658901450992,0.18128289175140055,0.0,0.1578462266709886,1.7356032144227278,1
0.0,301932.1014769472,47.311056650222945,80.00821217449098,89.14047863194264,0.7885897359843403,0.02354074747509674,0.0,0.10484175411782581,0.7044603811933092,1
1813.338941225973,8832308.822741896,43.74087056570341,0.8722093764332182,2.300081337761732,0.3359399142282417,0.15803823046887197,0.17827894578692474,0.0,5.238887849662689,1
892.1936622861564,216743.69617636787,106.83864773784133,6.4716007819054875,28.447554461860715,0.38964696250850317,0.0658888264155921,0.04746175358652642,0.0,0.0,0
489.3016489504185,661881.2006712758,112.21562121477555,10.879949749079206,18.28253691678966,0.23605426154069903,0.06789285771065245,0.07471301783746265,0.021900086493260685,0.4944188540798742,0
3885.3197958410706,1157396.2651182804,152.57396821606991,9.999936770215307,0.0,0.9740968332367314,0.026142439910415753,0.08997474464036939,0.09088204643262932,0.3702666160718313,1
760.9112419295017,275784.55670160503,103.00688337490188,33.11854966722373,39.499765104115454,0.6898748827078774,0.0,0.16605744875474804,0.1372406208657944,0.5356998294686335,1
668.701609237313,536720.8456720061,72.78805781807239,8.230705021238373,7.004420035370924,0.32810142786885516,0.0,0.0,0.04528697764021545,0.3007414842803153,0
285.6828096490713,406706.9105361372,165.20322067171205,2.8621137939448538,3.56115630315971,0.1538981787909481,0.0,0.0,0.0,0.3529918585716189,0
85.60768876478275,725253.104900855,71.75435244127377,8.579792383839221,16.62025760356155,0.20764642488962587,0.0,0.05849255739542418,0.18312928870156853,0.0,0
351.783204521668,472213.27180277626,154.74507547581067,4.438659026966736,9.40472739640717,0.3423450992700439,0.42877461662337124,0.0,0.22052842452468674,0.029261203984004225,0
6612.336184090111,645628.3386568887,243.0678164233069,28.927911196049827,13.263766363509646,0.9707217456378889,0.009510080186786639,0.11141329934415968,0.07939406766942518,0.23456213532557987,1
138.46351245024061,889338.3515528593,63.856063785119225,19.69752066554153,11.12687372997274,0.2652912051176911,0.12628822995207162,0.0,0.05056755802604891,0.06035631075855086,0
166.4161968994124,436666.7469846191,84.24234743199582,0.0,4.810483818822833,0.5006328754519733,0.0,0.0,0.08163626106372462,0.8432241099291089,0
437.1067018084462,481328.6880675107,71.2762051579105,0.0,3.2251643779134875,0.1702905966754527,0.14926613022987967,0.20427666273578587,0.09206521593238795,0.0,0
364.57986219960975,0.0,47.58147523001306,7.480165385213087,7.413487723651778,0.15178472754033726,0.0,0.1798322708922101,0.03301294358325885,0.0,0
3.6088895558063427,633646.8602861132,41.27715521441681,5.229833417120667,14.285540779195188,0.4216935128566679,0.1562806477924441,0.23184429103851306,0.0,0.42800002686707606,0
406.1975969336831,294212.36015462346,175.59609046575702,0.0,12.717391236753254,0.19607869829448885,0.0,0.14239965391535742,0.04507400991596033,0.0,0
840.6111726372136,430680.87162787793,48.792484465061015,55.33207441696377,98.29081187188643,0.8289664812236937,0.0,0.11973830138696977,0.04506341217009193,0.5333728675942128,1
276.4150107298753,162033.23993443788,120.69519167001539,5.173267630932676,2.61366529869506,0.20146588609025287,8.321427399883053,0.17391486328491265,0.18426630803695615,0.09352160822422466,1
509.88497746326686,0.0,119.0272088892809,8.280193234493684,7.6269829409733045,0.4532848769582513,0.3687814475219072,5.55108041678048,2.8964135209065187,0.3341677821955902,1
635.6643848061946,50229.557257854845,44.958820479321545,7.425619206711362,13.731666715591325,0.4271162247578289,0.119231361933889,0.08092317687004219,0.0046652994530167816,0.4510807883227435,0
2498.910789721779,717921.7483468842,129.3080194749464,25.972798440145073,15.515229941265025,0.9608354432251663,0.07591084796904608,0.17818191853398554,0.0503327311024925,0.0,1
609.6726034486928,6017635.992102725,0.0,11.2210673660721,0.27118299841052007,0.6442880871650726,0.0,4.3844354172130675,1.5441344654518607,0.341369033353892,1
926.4682065525676,701141.1495662078,86.4416879640353,11.909990259627692,3.566988606885392,0.23057627738818043,0.0,6.646405561637346,0.3311311767357754,0.4094299474968468,1
316.83869123405975,207837.92528810655,113.47907456007796,12.701272004759144,13.810775459402684,0.2508802941668231,0.23112791945317182,0.07523266117648394,0.07098882868824122,0.7537585283766053,0
777.0286836333737,145501.4143764292,4.759794089790304,70.15809063097483,69.62812635971655,0.7953780818734997,0.06031602983475037,0.29979773847778324,0.22066645843457555,0.41530065061528226,1
469.0378718234706,958767.6077523397,90.56830064851256,0.0,5.498859727253757,0.44794507034637276,0.0,0.0,0.12466640166912003,0.472210163284309,0
275.76292999767776,477233.4196193673,103.97275734594234,0.8294443023514493,11.878813920309467,0.4596943654430564,0.0,0.008921188312455516,0.04885755100824533,0.5478772534181025,0
344.32018219340944,69701.8069536017,114.97306856399754,7.384365004312581,3.2435645975328313,0.39706358775902884,6.535071219994606,0.0,0.11399915629075338,0.16596756698885184,1
160.13590632794256,331438.0515763358,60.15888719447905,5.496110420270066,13.548479921640547,0.1636740313873518,0.037115260883021195,0.32410783313113656,0.031284803385728775,0.7836753388064387,0
89.40754276775024,42829.01026268152,134.51668063137504,9.137469483359222,11.572486724721275,0.40502299404935893,0.0,0.21098897363391414,0.0,0.585002636095691,0
558.4698560426319,2300340.1280451333,157.86677026859203,3.8023735109144314,16.248369000528342,0.32490812105049,0.09600702868227463,4.595916207273451,3.7983826326065393,3.3889833135306637,1
368.4044205821482,248054.50707565766,115.41904851131156,0.4918908521286909,6.596226481379933,0.472205129296557,0.1280705028017705,0.0,0.031846205316654747,0.4982143479934364,0
730.51061305403,355604.7935547364,96.94012744098195,35.17826793225528,61.96013080701357,0.8073335312712291,0.2648947908214875,0.3984324851092927,0.0,0.03736484710992144,1
338.34665972707836,617983.1773047107,96.62107841487521,3.5759980024888147,8.682248018021832,0.48756582346291394,0.0,0.0,0.0931787613805081,0.489123472869032,0
657.8320300307007,0.0,59.041818708325934,0.0,13.722506652589225,0.2639169541775207,0.0,0.0029318813237002306,0.0,0.6231787172553301,0
1491.3138357537964,169355.14785924784,42.96294119911031,78.74755567456845,66.56630361226894,0.8480987679172622,0.0407683361281236,0.09908958756917029,0.015255738926375717,0.4521612445085675,1
9670.163020146189,1020394.8062802822,87.31041716676428,14.173509131678596,12.220350169586904,0.961815645857515,0.0,0.07881156103998528,0.0,0.3585226231242294,1
6023.390229021528,685428.1819169166,157.60376147013955,22.435588239034132,8.047799002945581,0.989422496769051,0.0,0.0,0.1008920127876862,0.2868916944942763,1
257.22948699528126,1340098.4322265622,112.38032813933556,6.1500326926547,8.927820480606321,0.5277561856353801,0.0,0.20310972546688058,0.16178624499755953,0.5590879278064509,0
242.90099201064072,415538.48871967243,35.51537443700464,10.550507474698856,2.9766711839318836,0.31754727096766316,0.0,0.0718035134193176,0.11091731321511925,0.6983810069005936,0
173.6706028441413,845705.4843590497,121.52810694984258,11.530031457513932,12.388260019278965,0.49814131959184427,0.11926224694655133,0.2577107450422623,0.0,0.20745077737343234,0
223.0211628288062,0.0,42.50097047186088,8.890774584322608,10.54070268908314,0.29759038885321015,0.0,0.056060269098332366,0.05600091378767857,0.02749579428948501,0
215.97906054602194,658437.2477216413,69.10403386775762,8.792575908037813,13.441338381634123,0.51100610802906,0.0,0.06447314840698942,0.10309749949483361,0.14066223268976083,0
276.6405539900916,107361.63747696391,81.84028156269555,4.576557361642573,4.384799257737362,0.28321837426963903,4.04419888579479,0.29307091953728504,0.17793180675853232,0.1216579235722668,1
407.6550465414047,0.0,101.33541614715324,8.130619734097131,5.153904504074619,0.3621106688368574,0.0,0.4425328821634093,0.19356504227056437,0.7157216504918291,0
881.9975124522575,3636890.6001761854,117.09443035640118,15.48550474447813,13.422945350143275,0.25942789702141966,0.0,0.0,7.9003774720085875,0.0,1
49.979487062915155,4678846.131923891,113.99025660442837,0.0,10.057714903146556,0.3798414443771564,0.37380677918700345,3.412135733525741,8.348937770522305,0.5611926805964047,1
1043.6969039461044,6652725.701907007,50.97512320586809,1.195804061991881,0.0,0.3536075453197341,0.0,0.00617977207164741,0.15716176679581428,5.013901347555901,1
1468.5846289393444,5316226.348267744,61.69817062736922,2.012720162224331,0.7946705072925043,0.5563075653214564,0.1515937557636729,0.16810785910886936,0.023763833015362248,3.923014197129841,1
842.361005541694,3286497.163298905,82.11812392070385,0.0,0.0,0.2472242369266413,0.26941616040059574,3.062535098733306,5.8690301807350815,0.05958031665012764,1
952.245759031722,195387.2793760008,43.13964679174398,68.65833216696687,99.54551921946114,0.7126964810205507,0.0,0.17274389985350241,0.06440403771218992,0.0,1
499.96836444385303,181184.2720944059,144.76704794031087,3.852636770527494,10.806748457112146,0.19482085334777946,0.0,0.3115460491125245,0.14866940400644352,0.3276523480486221,0
985.7501618776198,900529.2250475516,134.10643800684917,0.0,15.652420057611737,0.3674665522243406,0.0,3.145135344625422,7.120095504753313,0.3378997646088501,1
635.345143056399,2207493.5522074127,140.4723588723903,0.0,13.128930825601959,0.23015820693449224,0.03799900112988884,2.37503385860934,4.413025815497679,1.9478661418892078,1
0.0,1252283.8574991408,43.84406747526919,11.22532332885562,4.89249786703287,0.468717790843614,0.08244727198425936,0.3166407524829661,0.0,0.4862464498701795,0
533.7741906898018,514300.669934784,64.80050708738268,15.184475849145064,0.0,0.299335155620337,0.20477156339325484,0.21995015936118512,0.02223254543078524,0.5099502738934291,0
3524.6022189446235,1462538.8915744377,139.19698214025155,32.485361161377924,16.617566198440294,1.0,0.0,0.28141684000770373,0.04031072423284958,0.27681060649581735,1
4140.207663323738,1446232.0601383327,297.8194106513798,16.254133039418598,26.581818616399687,0.9597110299006859,0.026208676985750697,0.15071739154492472,0.11181468144257051,0.4872748507583107,1
1306.68413281799,4660440.07052254,81.20928510790462,1.255511707690827,1.5672225879844999,0.31822951430362667,0.0,0.22682472911085794,0.02374915777280646,6.2626401074642555,1
12.982601117206912,429500.4675179108,28.417788625838348,1.979250192125205,11.148621675955296,0.41657433210224537,0.10160044422291843,0.11808659242781255,0.19706302621349808,0.12624333614272554,0
297.49837454247603,825993.6348628603,136.0105916294031,5.155787073985169,16.234038871151732,0.25494593426624174,0.2778237381009384,0.16928765122854636,0.18287704432486668,0.5214344662846327,0
348.53714439380855,532019.4833559908,169.8785121350237,4.603895403941582,5.9002514281515674,0.27357122788021015,0.0,0.0,0.0,0.08156364291295642,0
385.7799315855341,445543.8991922421,111.06768870944198,6.320684011890768,0.6569253982164316,0.3703746553060334,0.0,0.34344571361859355,0.10596078451669956,0.8616659611861304,0
391.1190506765616,100719.7189618073,139.78035766332363,3.3128693367069943,1.3997101824541223,0.01,11.017832371936947,0.18396422311889943,0.0,0.0,1
240.3435718594069,876218.3009449623,68.31803269871028,4.720884328787088,15.735359220896092,0.40980902141525843,0.11779042806824883,0.05687327309920889,0.18419354880114136,0.0,0
1262.0957172323763,3848479.170737937,19.92416816898846,1.0547038171194854,2.1554415164696907,0.2534051974178158,0.1390785088797435,0.040270762635999865,0.02149075950235028,5.122423511541587,1
205.00198731619844,518714.5929025372,31.78972425071032,0.0,23.815176220156907,0.3629806304106995,0.26373431094955446,0.07754442286935245,0.0,1.0434092153768444,0
424.3210056457659,193086.1249302046,138.8352768416611,6.340504817188594,0.0,0.32089368033703053,0.34241675723374854,0.0,0.12942711029570358,0.1887857142543824,0
475.4890424656739,408575.66973304783,130.39007601796777,0.0,0.0,0.43814504376209495,0.0,0.3023744039620633,0.0,0.1283996216465408,0
256.8285712007639,649393.8028830345,39.11079165783414,4.395100798081389,4.753212820987699,0.4665690929020364,0.0,0.27351146661724324,0.05799405252815217,0.9688079628221976,0
404.8045328119873,874574.1665748478,85.41279616819581,6.0625687971076525,6.442190471917192,0.29991612304984605,0.0,0.03522179576536706,0.0,0.5333124853160596,0
263.0763333781552,201890.19070623076,104.69450530904378,9.520075371608272,10.46865770279194,0.16845370457843614,0.02013345025601479,0.0,0.02892986596416205,0.8432619705265346,1
388.27040618572937,434490.87847552856,15.347522526703983,15.252061611875128,1.8708078652779774,0.18885925915278473,0.0,0.0,0.05865740813044261,0.7477711878946218,0
398.7522047515766,524576.8664797699,93.3625559883512,8.595514989784109,9.965652819696304,0.20602779114152553,0.0,0.0,0.048664110953096154,0.3795187255389709,0
199.1947500686154,326004.30341460195,46.05957255541746,4.682049249208783,4.313145046303328,0.46969274469665456,0.0,0.10030897873704206,0.019129272131082013,0.42812323401822566,0
360.2471987794428,345513.9304918004,51.49194896026466,6.887955584617961,9.115964542004338,0.4782252331637732,0.0463297136499653,0.21334429590875637,0.0,0.19653762277893214,0
1468.571687817863,4792071.586015055,7.087143688432121,1.2800728582628604,1.8557857112444407,0.47799055105886273,0.0,0.2956592283992776,0.15104306473012707,5.922713966471309,1
148.99603011609537,230682.02745555196,172.09215325880993,9.548309328189381,13.497303233556877,0.30973588873492486,0.0,0.0,0.12994429597617646,0.936933524830992,0
585.6708286496316,272372.93529537425,107.49046469331094,6.258258572236576,0.0,0.3348609926133407,0.1603516296847304,0.2704495350676087,0.06982280470775046,0.618706886634986,0
578.3540281961791,349306.8721116412,67.01259746696063,0.0,3.0860629861999165,0.4085476601421364,0.0,0.140486177623712,0.17064617476352759,0.3611524166000054,0
128.76540586527864,1428760.9345264141,129.7992697673207,10.315462268054542,6.168842113671484,0.09055745012584596,0.2651329737765604,0.2089829071056165,0.0,0.3978508063491258,0
232.84950199995586,621383.907257464,20.13921401196758,11.378614837470959,5.003905116237622,0.6998450773322439,0.0,0.0,0.10242607796633427,0.06049653008978306,0
2040.5288350252483,3313399.526342691,63.41715734764141,1.7645300437845892,3.5555610437596665,0.01,0.0,0.15324826393640878,0.051961353563074165,1.6487247493985793,1
338.9213485481158,366910.824657518,57.62795913793758,33.761847434270464,93.77917005713309,0.7774714727115992,0.26917258706759983,0.2624336698567247,0.04691167232984856,0.8861549332106874,1
390.4276387879823,0.0,192.56002197933117,0.07517395857893039,12.421205423472548,0.2617116536783992,0.09493371569241742,0.2230121031242519,0.047656975269549005,0.9569060728228161,0
962.0698952901031,2308819.973665732,0.0,6.487426564948567,16.917175044178883,0.6622884102802108,0.0,3.0110838220450518,9.388815727623772,0.536910507402059,1
771.6298416560668,3018380.902427374,79.73493018376162,8.572247297205298,5.873392957182917,0.3324850652668173,0.3468158041167422,3.871604764819833,3.5683357268329634,0.25608150525140394,1
715.1066591014911,5444908.514718738,98.21662535089933,0.0,0.0,0.33979463490456685,0.07618107850876944,2.5509582328426728,8.858075680150943,0.0,1
285.55808239488914,891427.3017780728,93.0841006351024,4.946405104616187,1.1096723457745234,0.42590197224159265,0.0897490264689367,0.38644789470608704,0.008858733498941958,0.761247638390444,0
376.8089006462613,786790.261428532,39.17580104374338,12.53499776702008,3.621329063254368,0.531904231046497,0.18647046471790393,0.2547257685760934,0.1642383815286762,0.667850324925597,0
259.2814708276689,714929.8040647944,55.09359974836315,12.185252709212344,0.0,0.4734624972299894,0.0,0.0,0.15454809789378773,0.2639625154453427,0
186.16268316419098,123644.54400374519,55.18884556245539,3.652581649107646,1.0677514468665317,0.19595097257251404,6.383935198759134,0.023034215836542415,0.09314020642064659,0.011670403126276874,1
401.42011111576494,474036.73873188795,64.19471325154208,2.126140022108199,12.217808593249638,0.3945729408753932,0.0,0.13175046899296894,0.012311199244264097,0.08160015440945584,0
256.68478541942665,1685584.1625128211,95.68870360741079,4.522143967384358,3.770917982190718,0.7444815591888778,0.020499371007551476,8.066318212708524,1.9474221815164656,2.0798209633375664,1
207.03424344135448,0.0,40.81405693221385,4.844701600502549,11.570897571935003,0.5839239384674727,0.04251014887331103,0.16718925030467163,0.10232077121194696,0.2388497171374938,0
6811.370491995232,501936.13392162195,144.31442759534144,13.169222114181316,9.814420423364268,0.9687217995471769,0.07891503019993437,0.18865034669255293,0.04947422016229113,0.3069988618676528,1
155.6819623906111,597264.8286380946,0.0,10.378277659266503,10.615114732965946,0.27584112643558034,0.034527810680959524,0.0,0.116042032590326,1.013686274866609,0
4101.90753544429,745970.4199847144,247.7110108327599,48.950450520441585,12.578948895346995,0.9667155239212993,0.08303972150922204,0.0,0.0,0.12919773887439293,1
17.08344110915516,64525.35076897044,0.0,5.720272839773659,11.290143206877682,0.5674699055859713,0.3643676692951534,0.14001196223562343,0.17223769429784125,0.35288738269007053,0
600.6342633302465,111569.82034118059,110.91602505609295,88.83730044901532,69.5132275959852,0.8101358582746893,0.03740814607120394,0.20014711924079714,0.0,0.2375363490376162,1
243.80630383205232,390171.0592600865,139.12153629412657,2.021605791647068,4.588420429438008,0.4708554888054863,0.0,0.09590682898188459,0.0,0.1385867175399613,0
29.181498922277967,54148.553564757516,107.95624220260486,1.0261344048567755,0.0,0.43377527892830137,0.0,0.03467809948757131,0.03510769540366899,0.28145814164874694,0
406.42581261048997,909111.8684687379,166.74371482630474,9.2250834465753,18.684683538146928,0.3010355416403675,0.0,0.0,0.0,0.15008586350255831,0
717.3364074430442,214165.30176960712,81.49087741475078,40.055425790549066,56.92522766952788,0.7001792581900333,0.048288397626350565,0.13926992936861615,0.028104620657970918,0.0,1
293.4448375567365,605061.7979487194,152.05559540334573,6.021538211715798,5.722053848923999,0.5241331280241994,0.0,0.326986920104561,0.15251480779653248,0.050180034413898955,0
476.4439227538844,296449.8520346795,131.64873630659554,63.577833566295986,65.7797180535392,0.6938515386762577,0.0,0.14182598289474252,0.0,0.7012607647695295,1
1198.763447086724,283794.1840964049,24.019447013276235,72.91313349760594,34.22051410445636,0.6737060132840806,0.03169496549440822,0.31708297889526516,0.0,0.5851843785652441,1
473.231403472062,161813.98898882547,108.52796923370637,15.972142473405363,15.327202179252492,0.3071098800452419,0.24206247726002572,0.4472063690817804,0.1263607964496812,0.0,0
222.38636126466773,139782.03694380933,76.02564940061626,1.170567629297342,2.556701904064675,0.43208244110137395,7.53343243017516,0.04139231593224514,0.16986672862236102,0.0,1
398.19625583825433,790365.6690416585,122.18832894519662,0.0,7.425731215738999,0.46898622770287596,0.23238919984245915,0.19073772117688315,0.1124328766582928,0.6963228859731099,0
200.20825268803503,0.0,22.284738203522274,14.437765197433192,8.777035290396702,0.42432939744495285,0.0,0.0,0.003982538366337232,0.0,0
384.2367906469117,663382.8339674347,108.25162683918097,7.87628739083368,1.8760613456263533,0.5120341003803248,0.0,0.11876775293752653,0.1052272129095344,0.13429700735167197,0
0.0,392114.0941870806,46.03270522754713,6.807623260769233,8.3059629451233,0.2007091778657139,0.1440721126258701,0.00856188481364463,0.14494963591245202,0.46782513753112426,0
57.71195242598003,575425.842201245,115.38150969527041,10.128354766518298,0.9345816178996103,0.41847395853819824,0.0,0.0,0.0,0.6681957032818143,0
291.34672315158906,498710.2694161159,137.20417809895977,0.0,20.336277276104124,0.33163553494553794,0.0,0.05824973812845087,0.03763584870504592,0.6562967509746371,0
474.4356586262877,335887.70381037274,1.914834499578376,7.515509424751652,23.560006552388217,0.32259340508115386,0.010863115815441561,0.15682853714925515,0.008327875066941277,0.21400715964128497,0
1454.238466571395,4885126.256011517,69.30883132817127,0.5175954137919268,2.7183205528638963,0.2572176119645521,0.003415675777670508,0.3470756986994601,0.0,5.272930483331498,1
522.7023293367304,86280.13143785762,100.20838871525713,0.0,1.0814051186247287,0.32985351734123985,4.594980412438575,0.06395864326620135,0.1202583470573157,0.0,1
519.13196781078,758543.5293269209,61.73435987705379,12.550198464334752,16.72839642157311,0.2174846500927426,0.29110419837124746,0.34814306000865947,0.0665710333325665,0.4025663992782857,0
470.8627822209886,679687.96264847,122.5536496316076,6.5008481899673685,10.80428725090637,0.5011175648812882,0.2013685446863007,0.3084628370786452,0.1581077671001989,0.0685392656673634,0
43.5844274132985,1254953.415527169,111.6094327983618,7.5914560132655735,11.383969849577184,0.4410326743733286,0.0,0.07734722750931625,0.1875075903555236,0.8009610908258313,0
499.22624946198624,0.0,30.54762176399346,8.75172550702444,9.427767680984621,0.16482071130682388,0.12731064903574296,0.2676962232499893,0.1775647606270664,0.5624343832554701,0
434.3271704265928,65555.08383560472,96.73394728635253,4.295517102774914,19.765390675971517,0.01,0.0,0.16231079943409493,0.0,0.5703929143782681,0
402.2195427603341,17828.85554503696,140.58613247396227,7.129299181582762,10.294192283315713,0.3942494186940246,0.12858875309397833,0.16014262635466717,0.010016698867520123,0.0,0
635.7149818371025,1693527.6824854012,77.25332556976943,11.45330442666237,2.113110193683344,0.2716503669566193,0.018721076154217857,4.5551149643459246,4.380775195393639,2.0779385195567346,1
252.07739538395114,0.0,114.73051951922045,0.8604064003866037,0.9021605660807799,0.3440177352711151,0.0,0.07926893422416298,0.0,0.0,1
171.27869605448853,656067.0339319027,114.14083463777585,5.560362952900513,5.870277975851043,0.3313363470821647,0.17325682467613476,0.0,0.06313857114499719,1.0361028410650288,0
1069.7286129036327,5154074.651495352,26.37224891105997,10.46168268565457,13.899300769171308,0.4044385997025,0.1394047520501665,4.699458594540826,6.733625473859382,0.28463006033392035,1
452.40495663710726,535456.8176749073,110.42127765728105,3.6812753110123158,11.276153518002674,0.5813451359373407,0.0,0.11605958554920474,0.0,0.0,0
157.47310794433525,439575.3922453728,151.60446416712622,16.31947267828334,9.708620790038761,0.3266302697366498,0.0,0.11271427668010942,0.13033743751903137,0.6256249916061134,0
842.9120904632732,800575.6057978595,119.60346422081855,2.195676274759116,10.020145885527423,0.23695889397343198,0.0,0.057957622147393875,0.08354565668207038,0.42287588035341617,0
512.1000349829569,0.0,158.815934225424,0.0,14.414204502811923,0.458068284869497,0.12714636833777845,0.11415258476587052,0.03139734404426191,0.0,0
243.19632248554768,70323.91003273631,35.866992238232925,0.9539519370149745,3.2298361569935206,0.4109054016418855,8.346353743872452,0.0,0.0,0.28162986560710174,1
0.0,379771.8524471885,54.76685171074574,11.262115063995854,0.07517283971544941,0.5005592457210064,0.0,0.10056770433235081,0.02301703937264344,0.0,0
610.6318913322973,376926.48303638375,34.778257816010864,52.719658243143066,31.45378436775372,0.5413472041615154,0.0,0.06557441990497684,0.0,0.23985367613369113,1
140.49557103173328,155713.41109499725,51.24992186881698,4.698856847184395,0.0,0.23972932388442297,0.0,0.0,0.15399826823020568,0.3840995085437745,0
790.1978657652267,499105.5129625031,79.96685824729035,0.0,2.5207346200390477,0.621331628366628,0.0676517554386162,7.349587606728614,2.8554883698428806,0.7191009180825211,1
465.26149075000467,389452.93440999446,148.97321401369936,5.91201035372181,11.768100671914237,0.1556701999878786,0.0,0.0,0.10148683035465018,1.058839593371768,0
1002.91036603635,194968.12023599615,117.8077098635669,58.71896429901016,50.05047574377805,0.7943501602429573,0.1667951627824935,0.1424913294330377,0.08429757383249178,1.177105002605562,1
255.87248520894332,627079.348316105,0.0,2.434764591543431,1.1539986096903636,0.4285974785292252,0.0,0.09808156328768877,0.0,0.0,0
487.09345848232715,1183064.3851647987,136.3094265521531,6.354973577124741,0.0,0.11820971255794063,0.0,0.21671014372635689,0.08754727729713509,0.40594423230377397,0
345.6366324927017,450302.3139182966,90.70901393331292,5.958600580352065,4.929900726953136,0.4974714351239734,0.3687662761420044,0.10619493114080257,0.04030281562211043,0.2907175654428607,0
2037.1960542308075,6077962.390934051,48.73016714033683,2.129663790392611,0.9150721897665077,0.08583993589131456,0.057750021181951036,0.07453159959511146,0.0,2.444599808616243,1
348.47650688790907,31826.063303853385,129.89511011191115,53.700480341259286,75.42875527263504,0.7260236172935013,0.02893427448938389,0.0,0.033475833023634195,0.0,1
565.4171681754258,683647.6537574775,47.91411753972355,14.595545350114643,0.0,0.6047022246541689,0.10384672951941606,0.1285739754002741,0.08677957595590577,0.7728215759888957,0
2056.2239316330893,5811807.962563336,44.73644530031932,1.1606008419109075,2.0192038674849417,0.37476435753778387,0.0954556338544597,0.29180091458011576,0.0,4.684573943941098,1
1385.7977454015102,1838293.701018846,66.11730336989473,14.19781282615309,14.93817628742965,0.45158618756572266,0.025928952446608484,4.359461088826601,2.9932901652610973,1.0523816260034349,1
1192.2545248667611,3056861.1008031233,97.9816815223874,6.282253399244716,5.596559335149913,0.5035884503159856,0.13770130276097897,1.767348201122347,2.75144528383286,0.0,1
453.2025625347804,974379.574486352,98.6995985266217,2.739627152986028,18.697690521382356,0.29491683199066115,0.0,0.0,0.15169848402055197,0.7323994422560489,0
233.09777142956392,643736.92401838,23.707712611630647,8.06923692906119,7.3949248685084505,0.23232176951586037,0.36598608526130394,0.2088190726730068,0.09608139315875715,0.9056797223461498,0
369.7293522791397,594928.7904910384,98.92357778919661,19.1324245451845,20.887199992121783,0.4656072185246286,0.0,0.18855973712652938,0.028513766579568486,0.2263077104198062,0
202.25364078779663,1130823.182668159,41.88947796844468,0.0,1.803589045055788,0.07981168871626282,0.03244624783587953,0.009990849798292595,0.19106886541840357,0.5246550310745955,0
14.401630664397032,206728.31688687566,119.2547447581688,0.0,2.4983379935237275,0.2293653995678066,5.0433286509129465,0.07989971979302186,0.051878693334582,0.0,1
383.3161535118566,945020.8733973026,144.51269491854052,0.048282559158149496,13.771458072442552,0.5712788572420675,0.05496877943070915,0.21378123893998557,0.17103093398028288,0.2646881617280915,0
1504.9933786657612,300840.0325346483,0.0,88.40907786370067,69.96423236564617,0.7765811572086826,0.044091395441334794,0.012575420524103015,0.0,0.0,1
323.93338619421974,0.0,103.22420435161045,10.722079342701363,8.042323994875964,0.3256200474655142,0.07243295727254015,0.0,0.09302305334984737,0.711635583957488,0
372.69089854795357,2209381.9238912137,144.0342497842966,11.071518435904618,11.423926339640435,0.4324679313637497,0.0,4.721518331577901,7.7743400591930865,1.1152559488542417,1
82.97056200951653,1077132.1153446739,0.0,14.503963792141583,7.335970747237989,0.171787274771379,0.1082381944450691,0.3275943849252838,0.1407373624132678,0.40665150952476137,0
109.1180068114385,441799.1969535329,121.85968760104623,8.842221527973065,7.582502204257871,0.3218251759658426,0.24631176724828835,0.311664954538749,0.0,0.5300980068150194,0
469.199615358949,157643.18315603962,67.78824707794794,3.6553774098236436,0.0,0.3184009013575214,9.257504549924507,0.16754309908587492,0.124217969599931,0.35758316194936723,1
832.6858945163582,3375210.3145219977,120.00516830221778,11.815276185765478,0.0,0.037663826329847216,0.35739835909663564,7.77211445253533,3.784156260612373,2.258116465592566,1
16.27980188755464,1156827.7198158654,137.42250003346575,8.91893272646474,10.940790305703661,0.40456049479037703,0.0,0.29572867637771655,0.09666776529316821,0.09916162651623828,0
173.52090891538202,963597.657682229,156.2273251048,4.0125833253528445,11.267775756204442,0.36330283815275194,0.0,0.0,0.1644997263432012,0.5359115448402101,0
106.33441068951544,5224.386200395995,28.903562768071488,5.550092236411651,1.7827683829855299,0.1357081119334387,12.39583683395235,0.3795791932678288,0.10984198461459997,0.5654201210146126,1
497.40373052060517,3326216.782120332,97.75907971161838,1.3779710156910916,6.5209453011617695,0.27547760043883773,0.0,4.083628301692764,9.27863207608249,0.01985408156369395,1
520.6266400239278,672917.105045593,98.1042340509172,2.3653752053492156,4.5746588155923344,0.48684652012402163,0.07656026950414596,0.18658299454750882,0.1537843008384401,1.0582270436147927,0
38.5739693836361,712523.785983976,155.91641298454255,13.543598116612891,13.819885341745602,0.33882853211935543,0.0,0.2604643919199745,0.10075196729290697,0.0,0
781.1295981210947,3604235.4428831385,82.60132168351284,1.9996440582468273,1.4245941719960826,0.07488189582333488,0.0,0.02983527855567407,0.0008480052240189412,5.111220065127341,1
443.7548213499912,170754.6749239284,65.23853824561911,3.416150952948588,3.5676641281464723,0.14911637576619166,9.188985646228838,0.09119733609891267,0.0,0.0,1
374.84907435579765,875534.7607415798,60.7209168135487,8.751268715168496,8.709096597176064,0.2709766042464614,0.18016977841899465,0.0433631007349987,0.1113699865614046,0.0,0
1893.8792161215779,557873.0412064535,248.75499470068232,38.29910421128737,14.18077491878872,0.970741672222997,0.34483303343031435,0.09644965308418721,0.05631943740867214,0.06733428838124444,1
669.0085255084826,187116.12846091378,114.46514885971365,77.63102022041936,64.9190740106306,0.7447157104077705,0.07361664559180249,0.0,0.0,0.5618971296239289,1
1345.283240235539,147558.61916059774,36.506732930518965,65.44151501623378,76.5330222860699,0.8741296649414028,0.0,0.11277522265644417,0.19354526921940546,0.08617684254289193,1
1752.9218217085536,333710.7480897448,126.00066298199584,64.37140152858146,33.673490090578724,0.6782439026888967,0.0,0.0,0.01109890277108768,0.0,1
254.65030761828706,199925.9061893524,134.72232200309764,15.391895659965646,11.586326955597908,0.5502961207192458,0.0,0.09228594442105378,0.0,0.0,0
4542.9021828421455,800079.462503352,145.1601178371466,37.05207864722823,7.5844101036571185,0.9672377862647371,0.0,0.04698889550012546,0.10394704590771775,0.12997235627446346,1
748.8684108831333,8619.107927152014,25.501181526064805,7.563562896374009,11.492512981760937,0.23250862163759897,0.3975301028020455,0.0,0.0,0.8604448163785664,0
504.46340224860415,2168292.0682981447,36.74561284664691,14.623546778649118,23.13413903245265,0.36814376547025784,0.0,6.89938765687301,1.4653681061683979,1.4999655416448159,1
223.22073615745597,150062.0299140308,47.028550966387456,1.531218308527639,0.0,0.33574019691363005,0.0,0.33120460948584224,0.15531519582833567,0.36658901454068965,0
631.2191613594266,785177.0282818079,131.26241044296324,4.902030053706201,13.358379079193751,0.39228164945017974,0.14676738342692555,0.18077627102888266,0.12380065915984526,0.07566892767730432,0
432.974560105936,1103779.4696201892,70.45500959558949,0.07660099904230044,12.575276903980207,0.29970767912723045,0.0699817257895402,5.948462882063469,4.148255019490477,0.0,1
2524.615043559782,1331482.9997730653,142.7434947309734,14.746238707721295,3.088073711961263,0.9805436508126385,0.08890150371798912,0.19563486448204825,0.050744233865637846,0.21649965550475345,1
408.5670049838587,1559945.8294832264,96.00095048732855,2.530044244228132,0.28142141358138417,0.6361236819860328,0.0,4.67501183028727,6.842312712555018,0.2442291193743495,1
244.83852765625275,51229.11834538366,62.46885892677743,4.727296002529209,1.6380414759750928,0.3290596997464919,3.8528920366334947,0.03514914641999123,0.03758233699518315,0.31706580817524166,1
413.81010603178026,405893.169109462,138.05295603662418,8.611801069172344,6.22838886439782,0.5805339994735752,0.0,0.11264185898079533,0.012664916181881175,0.20685500117469927,0
1445.474121067145,6956317.878049007,100.24975984840142,0.3524599183625813,1.5855325618944223,0.10987740648633526,0.0,0.11320488102179362,0.12909782405775722,4.332029529318518,1
1925.9954882964648,1481098.301468403,155.34134777781202,10.501112199617179,1.7733413016440291,0.9449848083068171,0.0,0.32153931019911386,0.01987809157239229,0.08194770346908525,1
3783.227450291269,769775.9096962421,119.87759560657969,40.906450599413596,10.66615100963956,0.9705891073492857,0.20267243178647132,0.10351210238853562,0.12683345168885,0.8425011517424051,1
151.94881759822215,252302.73285804276,101.6211126864957,0.0,4.793755056073174,0.32768573286263525,0.0,0.0,0.179998883854188,0.681661318151648,0
237.40871123312587,585543.3073845165,67.12625605373168,11.98313934493505,0.3825634901228767,0.5800132448499244,0.0,0.18727107151098477,0.07961563656401638,0.21935848136136268,0
7736.106591847529,642820.7219103791,185.5660684489676,42.51259336719224,20.306777308919024,0.9959898589344097,0.3925948804185061,0.26641090229582093,0.016884757217864234,0.9600476439529075,1
325.56511004588583,275909.7246940581,118.10800121260738,11.050318484324638,9.293548948080938,0.3229761973514841,0.11374056377962827,0.11202222724243831,0.0,0.4257855632546099,0
349.295551718901,390887.1405818894,91.21923082089761,7.077539846508783,15.517955501238193,0.40263889956833304,0.0,0.03324860627076821,0.01945590684982575,0.6114655934459285,0
483.54824478058003,0.0,44.34094990406775,7.8803479816038555,19.257207693757614,0.6298558052474872,0.1597667991053632,0.07417636685101538,0.10902980725056734,0.3247644189265561,0
3732.3469737102923,1010559.2951166375,139.16388483658108,31.91852065562797,5.672254731997481,1.0,0.24459292314680786,0.0274059072881703,0.0,0.0,1
124.81014699799402,0.0,65.39214603249673,0.0,14.076751475433635,0.785181028435292,0.21005017223539146,0.0,0.08510790533083437,0.6700274611786855,0
245.23569316765662,503795.3191178811,41.358982219821684,4.355400648333115,9.127191861074195,0.06169738385581153,0.08608348987097328,0.2692546167576009,0.19015832837303726,0.0,1
437.58407899062087,1183824.13934018,66.72398595380565,0.0,3.0847501500447256,0.24941767292679562,0.07361319771520805,0.0,0.0,0.46260944203717075,1
471.5276120402111,0.0,93.23116285579172,0.0,12.923686925537643,0.3431472414615231,0.0,0.14959951964190324,0.00939163287395129,0.8023897711225083,0
8605.930780542812,1045260.5883346976,225.26641000440756,30.873214367056317,5.6588580055005036,0.98328755785893,0.0,0.0,0.0,0.4523280760236963,1
1419.1385766146207,257484.79443040903,105.81924533105354,56.96376480013576,102.76140459249581,0.6943706390930775,0.0,0.0,0.057469268904783356,0.0,1
1253.571668148057,6582337.070515774,69.80242013149454,1.974340103511439,0.2952972054171159,0.17199136041998883,0.0,0.0,0.21273205280464647,3.0363788978151334,1
363.95274943358146,27118.687123582393,90.34437085751281,5.794062749758698,2.0456658855155476,0.1696383969248733,9.805277783987831,0.1827655391863697,0.06358519269968778,0.0,1
672.3793765842746,1976793.58370719,168.48436773407136,3.6146556771304468,7.856051032984824,0.5283857200979962,0.0,0.0,9.59409502405094,0.0,1
1031.9936368708134,349650.2161706779,133.82430407877814,40.65212018563294,87.71264361323519,0.8445894182270852,0.0,0.08526310815929153,0.0,0.0,1
166.4520930367556,774077.0569429691,65.46098050335016,3.7804918179062192,0.0,0.3996000432418871,0.0,0.0,0.08892791981988885,0.2521011304786914,0
389.0078803728447,618428.1872268778,192.67045253582086,12.496734652767701,9.147298994423927,0.7891425279483093,0.1995553792300825,0.21515694817436265,0.30867949305988096,0.4073480680318014,0
280.1234991684559,493892.73430914665,31.03972932346464,1.8099040978715744,7.439540763270005,0.48365007582149466,0.0,0.2713190308863198,0.04738983819928734,0.520236100147307,0
459.92076369111396,643162.1817690588,89.03167453157955,4.736388437134708,8.497064870988218,0.373400655407066,0.031942167611423176,0.0,0.012946543638003481,0.7636760383067083,0
120.00111783483953,490866.520170994,95.32571640062933,0.0,3.0311565771314912,0.44187980768458657,0.050045153843225304,0.0,0.051902772754708455,0.9224532060116993,0
65.70214089937403,542559.3371502145,113.08829226112897,12.75085025631006,12.475618871392866,0.30712808482398146,0.0,0.059635368314749984,0.12011240197897262,0.19385711871629707,0
332.58552457906853,896074.4400238559,26.79228132977309,11.610640099174535,17.105945632670814,0.18182864423855274,0.0,0.06819530831928951,0.0,0.04688131743866297,0
290.0915884490482,13283.988443029637,95.91899220957379,2.5532737389132922,9.130189026359497,0.3331418916714668,0.0,0.0,0.007033110430520989,0.5581682997201572,0
1286.9265319703727,6260704.592757161,10.753904121481696,4.241210176557091,10.242120769678907,0.36483010651246284,0.0,3.7881852069328072,5.833400944225722,0.7258862747212976,1
687.6585570091029,204420.64229845678,35.14992483622095,58.63523085752669,72.36136041807586,0.5802613402936526,0.18103725326497172,0.0,0.0,0.3610914717552366,1
376.50347806235965,342786.07144524396,39.62610011765821,3.7793927281724233,0.0,0.28270495707457444,0.21038534379243853,0.033829957446699324,0.09581213671923251,0.0,0
550.9615879145344,105881.30573606506,49.260802828014214,41.82693701855941,60.55713010467869,0.6996109041133385,0.0008719393925503936,0.247306451091044,0.004980173494641436,0.0,1
2676.8940382311566,7590201.507363923,74.96677324679942,1.2167948347074393,2.241932926490246,0.5523445473318331,0.09181519558732949,0.02382627722852125,0.0,3.4426785454571025,1
1086.1611309246348,358275.0990099893,153.82090543480666,39.745050477216935,50.5589157982606,0.5448916667455277,0.0,0.0,0.06807541552712418,0.20828182835839762,1
319.6544264282577,269048.2229394222,19.435656064842945,13.555682831795673,6.424251776714769,0.2874446906311677,0.0,0.21533039864010156,0.2117756045540457,0.0,0
481.1332967549035,876441.437181856,34.95800855383595,2.256251880095412,9.423537452504029,0.33253198528545813,0.0,0.0,0.0,0.0,0
0.0,164757.73570056318,51.217392178069936,5.131188053189199,11.81321761525131,0.26570663543652695,0.0,0.10668394809336706,0.08232446784960767,0.912975645566891,0
662.1273608767767,2618670.063046801,0.0,4.467299899029419,4.375342358070486,0.40660296995616985,0.369800729001163,7.096181392802231,1.3330319410108724,2.9965095348594266,1
214.72265571205986,329339.58328831464,178.45200966365607,5.529394677160907,13.443856259058444,0.20810336494089193,0.055322952011199425,0.0,0.10225807396822587,0.6175234030073095,0
330.4893795683804,500093.52500335523,124.1354090512521,3.691788985395274,9.0715771991794,0.46104192737387195,0.4539838787849242,0.1521681131904051,0.0,0.0,0
178.41816048124963,408676.3486064083,147.6431914438415,5.152068137513548,3.2785751118358393,0.44603933452705335,0.10157226141829394,0.1497538750978251,0.07437011355833932,0.16555616896811512,0
556.973028244757,198998.87627540648,74.06879297687021,49.586938620692436,64.3980692190215,0.7219750423059361,0.0,0.3033564393999192,0.0,0.23459812259709575,1
146.54508001361526,428174.65840828605,88.53779512893044,4.771396131689005,22.87098675385698,0.41758260791150426,0.0,0.19479876144315025,0.19808673732054555,0.2886785138647281,1
2290.242086612528,795140.0383266811,320.4353650223928,55.26330116232798,10.87009353848096,1.0,0.14522726094562083,0.0,0.02047576117049775,0.0,1
4712.954019754806,1200077.877544263,206.01029934142687,31.0373176604182,15.453173111479853,0.9542973705449066,0.0,0.0,0.00860900338533014,0.0,1
1205.3236702009974,275894.19084616285,93.22280884949384,54.246534326829206,82.43282491258887,0.5132889775390602,0.0,0.0,0.0636097293726368,0.2786668092603373,1
356.4995086854261,1298245.7917102578,152.9441807404142,0.04059344529062425,10.892052106719468,0.2971893348087577,0.0,0.11655819455592188,0.11759040209865106,0.6437361153887737,0
474.2229168619748,475304.47457631695,151.30358866487904,8.83585353509847,6.956963429808966,0.3648529715723872,0.0,0.0,0.06628183862212095,0.1370914373514488,0
406.77203039459454,774744.4356981715,153.8191065535283,0.7779175584578386,14.345458889576749,0.01,0.13471148931517263,0.04107108810121933,0.0,1.0470161213369624,0
200.01824029665755,57294.48933805317,117.14256569620582,5.327388713252037,1.6517581479866883,0.2851458464453318,6.569499068929482,0.0,0.07602588738416896,0.012395175031787359,1
368.66178307071067,511759.89731326053,122.78056408484134,15.577173457864301,14.126307964070232,0.33701150133012164,0.13561277385215947,0.309522501627347,0.18433995901968842,1.1497509061480407,0
186.4054230804614,468682.0084566746,57.11606576436948,7.713235995974017,19.888052093573815,0.3604584297339728,0.07525790738787558,0.19768562822671998,0.0,0.0,0
480.9583991324137,515506.60072751733,96.66794386907085,4.146934732300689,26.97743457238886,0.17835573214195508,0.0,0.29099579790943864,0.0,0.6378247326391739,0
348.46143528291964,510787.0137158507,0.0,6.808311931897768,7.060304408901826,0.30672429062326084,0.25712826153397905,0.24759203843536917,0.17877069618472752,0.053211762265737206,0
319.7493227401972,356966.3426998474,109.56071919324788,1.7250760954580926,4.952110690906057,0.5375634043808987,0.022597083207968247,0.0,0.0,0.0,0
269.0967651534374,360246.4882437835,132.8894269986104,0.0,13.501206749677914,0.4395610219708334,0.0,0.23260499725171163,0.14043822742300574,0.14001306084029674,0
357.4398215342209,122741.42058726077,45.1921244056897,3.232056794573742,1.3102284235304649,0.1879630263363843,10.47495306096258,0.07472607332262209,0.17726805768814885,0.0,1
231.83933714217656,82833.55370739014,101.69061451501994,4.116183105447284,1.9852837672918484,0.32407594680490587,2.7756441123430227,0.09415479678177263,0.2065702492510469,0.14504389481124771,1
250.87024442600014,139056.20436130484,71.60424315069007,2.1151463861370607,2.1907483419275495,0.2566286953239182,3.361533114544459,0.0,0.07766335370065588,0.0,1
69.4310406628864,49565.77868584228,76.60884655216967,3.3888761401070653,2.483933644273887,0.4492565036483736,7.737269474596604,0.12363336837794432,0.020554628418895243,0.0,1
401.9101864044957,1656813.4519410878,80.61000423013428,4.599928131396844,9.703693761442286,0.34685700575046524,0.0,4.529847112934817,9.764885111010727,0.9953086517155397,1
286.9302172611542,22841.852777629392,167.90123904135234,57.64598935232654,70.97858473372906,0.6077735912785969,0.2518915706797117,0.15540121926302616,0.18709393913346434,0.44746109000566525,1
569.8630614979271,2889233.553993631,133.19393785690932,11.179371273659564,11.96565401569846,0.14683700493596602,0.2910402952609745,0.6562180469338184,6.612232081557068,1.3022838109415047,1
841.7154141790795,6070337.3426301,61.52343924677172,0.14815866955425183,1.6446162870330823,0.2049242029251987,0.353933813246712,0.2140002857404925,0.010300710525860172,2.898172120846638,1
337.72505207283484,505014.17755299184,123.43528005408481,41.85315771883728,80.29784742151132,0.5812246438299741,0.0,0.2562401534984948,0.032350693064448974,0.2704404281029611,1
372.0050000903672,378543.5345837956,118.26967115537065,7.9216697965670395,11.276066095083682,0.6304231952733241,0.08750627805062614,0.30424367353996884,0.0,0.0,0
264.3176228503571,626115.1855597051,0.0,4.609518535060453,11.33583234662646,0.48369959527661066,0.33137428692547743,0.17200322340384197,0.0,0.0,0
1012.0931125892787,267537.2301208937,45.34979875598015,32.07647214210718,47.72883699637627,0.8760575270188125,0.24762197572517358,0.17032120532914424,0.035540255350808576,0.0,1
206.9481049294327,896606.9962285412,129.42613088425344,1.956847650637223,12.224578620834464,0.586526334057865,0.0,0.2590005247163909,0.1525032284935765,0.5845853889455208,0
8709.93213767108,2057183.638528544,144.41132414778627,15.265798433839038,7.250041761707806,0.9904597638215467,0.0,0.038566371022343324,0.11432771137323589,0.11652292900431993,1
369.02655594936317,505206.17467096826,54.5119804438705,7.097013348769528,8.706938485595938,0.08140745797115756,0.14426634629412027,0.0492631560526227,0.0,0.0614041411022902,0
521.5867169938358,185512.77814929682,13.668929143496769,3.6863815115827165,2.022923568723239,0.5076240628002113,12.442659201265894,0.11883367071384804,0.11889223175912308,0.07829418143489433,1
589.0894360221912,995533.750266351,96.10074173248348,3.3779255351447848,7.393232557948904,0.40912118002443476,0.0,0.1535586237489306,0.12540412409322274,1.33459056560966,0
279.9999145222208,510276.93967251165,83.48784520197361,6.535775364196617,0.006628322339146564,0.47131985230747786,0.0,0.2028901770531925,0.023698169226264422,1.1850856145180617,0
966.4084203586547,0.0,95.15198427511781,65.26274859909485,81.40406248141448,0.5404726876648174,0.0,0.005150445483404056,0.0,0.6877898811855051,1
616.5309195685993,341080.1555667729,56.93788706667882,13.03879402627099,19.12542072483852,0.5553851439639934,0.2939023911326204,0.2771776656821985,0.053328827895681136,0.17929427106858578,0
572.9117504223555,3205708.966152177,59.936885042198256,3.871061818637061,11.474293752122929,0.31435449765500534,0.08718019515183045,3.391961826704245,6.0067036257229764,0.164214089727802,1
0.0,875146.8853367061,50.70118310332379,7.783563195179763,11.352372699502453,0.2695796482193744,0.06406791508164972,0.05376327969780058,0.0877386871080108,0.0,0
560.588434292029,124884.70784258074,35.52218560081768,57.635059043162045,121.15959919130339,0.8720122816851328,0.008373315553821634,0.21726433962210667,0.0028384079787565006,1.2438932949143977,1
0.0,370675.59542044555,94.48890709396392,10.91458103230881,21.637441786219995,0.01,0.0,0.311953202350675,0.0,0.18725419417811784,0
1832.7345886255025,9779074.4896931,30.518939517605816,1.3414275098766597,0.4834244980050739,0.4130010469669838,0.0,0.09543511369455718,0.06655976167117353,2.5459393339034273,1
426.3631381028038,1010754.0352062912,175.92878644491242,4.034735312069852,1.618439114408539,0.5424545753920393,0.1590867411479396,0.0,0.0,0.3182014497220583,0
399.1345890830588,787320.50261787,88.7223190838435,0.0,1.0858188979889256,0.391540517727777,0.0,0.2753984210078883,0.09539571442963674,0.8634394520432542,0
0.0,470193.77528648963,96.47869197404913,1.3338722465533248,13.293228310223997,0.36935510327280857,0.0,0.26341918721625834,0.040575512996726217,1.0601517176413255,0
263.8856604519595,510753.6729782546,167.179420610806,12.387650958701368,9.61453686431347,0.6080055572045295,0.0,0.09877933595701727,0.0029408297874548017,1.094928389299496,0
538.5541692071303,783178.820300485,47.157288759829385,4.930721995030428,11.202866261317233,0.48214645541345946,0.001678287699564969,0.09078596599039697,0.14619918233220497,0.0,0
491.3881281409708,3308014.4417252867,184.71779226745127,5.8347665352081775,15.31536652353607,0.4944559162828803,0.09374917611331163,1.9677376682294123,4.574317888466352,1.7666466457606136,1
258.93347290087723,38163.7453999921,101.44693052673271,1.3183936247735328,6.334143286825899,0.3405187491116464,0.0,0.0,0.1382931896603811,0.6032083793147823,0
243.93977190769576,43026.136824802175,44.805549766102615,2.959689489944336,0.6180532758051551,0.41024618627651455,8.603485154478289,0.21338196038235918,0.13199180055537119,0.5576531514561212,1
323.2307622245003,213812.48942840344,21.534781626335914,0.8722102004542491,1.1969617950935985,0.43646795437633357,7.667259473703812,0.0,0.0,0.039511113518752944,1
298.8044460901442,0.0,122.14859197938824,6.396964823318326,18.733196994036255,0.3704894117947912,0.0,2.9007323313892774,8.717816013688918,0.530803118846753,1
620.2197700015136,250270.1872581619,146.58112271943082,5.669036836556194,15.570924487875583,0.17480396457422542,0.0,0.24572836581380514,0.21649341954379708,0.46022915958501825,0
238.1029735386596,348769.3585528026,79.83499229491348,11.477612057479048,10.868238774729967,0.3439557520114064,0.03505762659200652,0.1163707667652968,0.04435726265238672,0.4935406145523873,0
874.9843216981001,0.0,70.32392006327697,49.890532252307416,71.42662372981529,0.6788930527113182,0.0,0.4031697367433129,0.03176468196211868,1.0371214027188795,1
171.5933811755769,448921.24330062466,44.387207210051876,0.6052140647568311,0.6140167143289297,0.419063916188657,0.15716038466510265,0.11615410051752413,0.0,0.27044298524597354,0
317.82476285811185,477509.1007050195,0.0,14.614149416845295,13.77213248275846,0.36921322585495764,0.060050845298403564,0.0,0.02657476008109495,0.22124063448573197,0
439.7693196151015,1016122.6117103684,105.09976818755065,0.6314879364109949,19.5572836166958,0.34920803452627264,0.0,0.051683450599552455,0.035736638240870026,0.5200090375981493,0
411.631281229007,3347428.602029655,89.3912008417811,1.6060111878208492,9.248787748708974,0.30810810168715763,0.3793317965892318,7.631354242331158,2.5173261634611013,1.5619364147386203,1
334.187072822388,391547.48770573904,43.63193912303832,42.929332265577955,41.192057242913904,0.7624885195901482,0.16145594119495643,0.0,0.03207883811827103,0.6207091179143907,1
0.0,749449.9125693741,46.42706183001566,3.4456145583542623,0.0,0.36006216361067744,0.1380367755684565,0.1828530905786971,0.005644295319462957,0.7228267235904446,0
3985.7077474235884,551582.6569546999,72.73444314789695,23.65107958243906,11.413864314763849,0.9708285002010388,0.0,0.19683090211917484,0.2483522761723858,0.5574046608586746,1
487.0114235185014,851274.5498184783,102.9484458135797,5.778437822889576,7.44352980914534,0.42430577664185903,0.0,3.6552264148306657,5.528494158044062,2.3931065965481197,1
352.46550974475167,492881.92468393414,109.92790776978957,1.3841743798590347,5.732575608630529,0.5100379598335522,0.15612808635051817,0.1725881830294762,0.05615715066015644,0.5355533198809574,0
515.7023547369795,1356.1779674896097,88.77479565300622,38.54731433367921,68.04555942569702,0.7467699200509097,0.0,0.0,0.0,0.46039288296599923,1
1954.09111158583,6013138.2382040275,83.01454395679056,1.9494772181660616,3.501228053509907,0.31610942316114177,0.0,0.0,0.09439124667441813,4.833330720292415,1
408.29593333067953,2549036.373691961,95.41449988169623,0.0,10.527125993943677,0.361276686738637,0.05445235700576579,3.2780587368957996,4.945367465658257,1.8548355009856174,1
50.88905055910311,106342.18083428987,46.21079401089813,5.750473044566437,6.325922663680741,0.14641337514700437,0.09455628885675331,0.12770800056542794,0.09597342723850735,0.6678158872637417,0
527.9561664992053,43438.885607040895,112.64980553016136,7.186690518969235,13.879546072317837,0.33514811080218293,0.0,0.1615053026407327,0.0,0.5619562198399657,0
1265.8609536295737,327619.3088679139,40.7847779156021,37.34626784179072,54.8449980187894,0.5712210069691648,0.32635392372784744,0.2560511436494994,0.10869517851224283,0.183902212376485,1
394.2918700872779,394636.3614379318,183.36386948879314,2.630741559097197,7.867534721932635,0.30812513191398416,0.0,0.21735691934335255,0.0,0.3501899945466091,0
595.163926673293,315836.7113258368,161.18095203074705,40.15339066844824,127.24282156858703,0.6800454887082985,0.24625154073512484,0.17508043823287334,0.021375616790679067,0.28345521005924973,1
4672.06806003026,818334.2615093135,277.05332835605185,39.791485912183916,21.516333192578408,0.9862826113086649,0.20368692377903322,0.3277335750903906,0.0,0.8661532243092139,1
1216.484438962154,6148777.149510948,79.82554716627298,0.8975033014941445,1.6131686582934015,0.5120489561331848,0.0,0.0,0.10239129263823049,2.5402852000260348,1
255.97430319721377,131982.71202670818,101.75465020271372,5.865220817823963,4.990496553272576,0.5810207684215681,0.30072527772429036,0.07032294089217764,0.12213640650578853,0.0,0
312.6627452956219,687744.1432169484,120.50085475224577,10.682002085073236,11.675570090030721,0.41320315336846464,0.0,0.11107492075698946,0.0,1.2930796920105476,1
7433.3145855571465,1456661.6662024832,240.07787427828814,32.112775964590114,12.780357328319017,0.957835225019607,0.21661372787798414,0.16503414828660043,0.0,0.6649480665777157,1
1404.3490020334011,189298.905142053,46.15252185057904,31.255993804167684,54.379896500707176,0.640864793292458,0.0,0.0,0.038357072610986295,0.06960996476496889,1
802.430896940821,102425.35936025564,120.48018476315693,39.747733941739334,48.7797487101021,0.7434620165089654,0.10176356013310113,0.0,0.05743780342579824,0.018695841762337018,1
612.1544932688662,5657806.660542635,81.10807955454634,12.777396998067754,23.989267213429805,0.42132296399703645,0.0,3.4534963022757723,8.821672748401124,0.0,1
420.0047759570225,710579.0789281675,157.71920908729214,8.769381601394159,11.951581208137855,0.19967691266891627,0.08116647665448701,0.044873826520720084,0.0,0.292346339693498,0
385.9756533027014,0.0,38.55854896772901,13.74362779231431,0.19654803907939922,0.46911471176407127,0.0,0.37602868862509947,0.06598597573212711,0.27103123293414677,0
110.76281957481251,1480103.4480989529,78.96877506357855,0.0,4.038204938718355,0.3864375210200432,0.14393764768857054,0.0,0.1015779803251367,0.24578817448151713,0
409.0201979581136,484925.2290057267,82.25846253814292,3.6779409038440973,12.539765072177424,0.31989982947065704,0.23049159315782342,0.2937067044984182,0.046696214772754985,1.164407284868461,0
229.93500606855804,347686.24789398315,36.61202289003814,13.642804071469325,2.4807898425942483,0.5013756028474199,0.0,0.1621513883230218,0.014026676862566305,0.0370113896579633,0
169.2565872646653,566781.6462981562,82.46015064008017,3.9319737862779096,10.653820693974463,0.4396049112194566,0.15072317998901194,0.23435138391471738,0.0,0.8001070984750603,0
322.0612325007178,255460.0477260037,32.36457995390115,10.447067282622626,18.763386849981433,0.302532210914549,0.2630354153298529,0.27984853342200644,0.09792711569322016,0.0,0
351.9313006346493,1273675.4713647391,90.67743383939386,10.91619984722702,6.6611669314754876,0.29037728056332046,0.0,0.3897288614967769,0.09782327076236673,0.12862059461953437,0
188.76490920615046,624190.0537443638,74.08214286698765,8.356252289229468,10.879419164248304,0.2929425556323119,0.0979372166472122,0.2835249050535993,0.11114289538960109,0.0,0
418.77298739554277,88935.33928205381,138.0183183767733,8.936288308724201,9.078323554052641,0.3260216476579989,0.0,0.014719424467354664,0.0,0.25716876985664916,0
790.4910339209256,1933063.6994567465,107.91835610003878,2.3227659110386494,9.372807480249131,0.20182944953609225,0.0,4.087858524235346,0.8418752900666195,0.10761941626082949,1
923.7593499350296,3516558.806788966,99.9141780490016,5.195970703321708,15.88891590557529,0.6509437515065168,0.1726431131989487,1.371055318893595,10.4622142193188,0.25135245071831464,1
1741.2558133562002,237369.64566008945,9.329448893645136,62.89460965971349,69.02709121797697,0.7461452655080454,0.0960427785758589,0.17027099239236826,0.069365046510379,0.0,1
60.93968280057655,174535.0161072861,111.27254386579,5.011393182338578,1.4074090797321985,0.25236753038902393,9.074081732447297,0.08304084071865572,0.0,0.0,1
163.9324480706195,39405.58052474695,77.74490246331818,2.4812229710625187,3.861099873711816,0.29582248363414737,3.7773899089402585,0.17997882446440294,0.09434879239991745,0.14849029059838487,1
689.117191445213,3633626.761253392,35.47625523279409,7.586712326221874,12.17260581425781,0.5750617427055834,0.09638950482439264,2.5505330573644134,8.711090763878126,0.3988202512916426,1
375.73161474365,519811.8537201502,61.30719865677483,12.14662465657707,15.614799086208347,0.3876870839887694,0.10163985419825182,0.022175994414458194,0.03930017425930585,0.0,0
1073.5616612238418,76203.03099001531,15.292119106474928,75.93141345969411,65.2054077932823,0.7055708296895965,0.0,0.0,0.044440243617080544,0.9490264544348542,1
309.15466764776835,916523.9973998576,102.78142685642764,10.84370265961779,11.916931860458302,0.4227474865899465,0.21272282986944321,0.16104409118019164,0.05938926008770502,0.6907753329822351,0
471.2554647423312,1278571.5070466218,143.0963074832861,8.467159940918478,3.4975046867381625,0.37212390642225274,0.1662307301804433,0.13715236647308945,0.010036403025509032,0.0,0
77.23768010380223,149698.15164962813,164.39084846055243,5.200018870974871,2.3246855651804523,0.49321659979489374,9.344838122656105,0.10979955657766245,0.06986708270126156,0.028941878264438642,1
418.7170257493639,578684.553587955,122.15711386413895,7.575215180580853,7.004620911129839,0.17857784652943176,0.0,0.06867714967493699,0.0,0.31036056325275274,0
1334.6779253739187,173352.81789424177,46.928892301023886,64.44953610605539,43.24889193859599,0.6215056484151489,0.12436432243132983,0.03179043688189333,0.06263263292158998,0.4272439205819304,1
640.878976646753,181897.00073601352,61.874944197656816,53.96654701130497,60.14903503211015,0.7723964810274044,0.1066789559474165,0.37957602560292825,0.0,0.3859953876435331,1
170.0533898967179,616753.7591311136,140.71721356704325,11.016029348088754,11.881846903345123,0.330160530917991,0.0,0.0070581302350139485,0.09632751228069907,0.655146480309422,0
0.0,654273.0269942825,79.87376231261122,8.504065667730554,17.604109708437136,0.3388553870307348,0.0,0.20342666335965182,0.0,0.4728014494501979,0
147.9874698677484,352467.94748736534,124.25569059827959,8.035649016041381,16.77571612970559,0.01,0.0061770281672389495,0.11550584274013173,0.0,0.0,0
5217.117520773616,1665872.4053029977,248.09076706786672,23.442472625656514,7.341077687975314,0.9729574118292028,0.06663520396633466,0.1285194948933003,0.11104563041230073,0.0,1
1964.1389726422117,8576609.650646942,47.75606223355723,2.4124236866227466,0.22068068191215495,0.303095482960314,0.2653926008587893,0.20303957198689515,0.12040702854831795,7.810034968192106,1
604.1555041222041,86359.18099744299,106.57609618858999,0.9591864878223779,3.0330776204186116,0.25637976457469086,9.216104124939724,0.38654262642572895,0.0,0.03662395382208125,1
123.20170558027115,204908.1872240256,63.81302540010088,5.855291338426177,10.790587417050395,0.41166542768689407,0.0,0.10297950684148889,0.0,0.7589299980865924,0
837.3692138846629,5215800.131801191,58.987708575833466,0.0,7.169615652270338,0.3936986717284955,0.3278610988129498,1.0528082825211473,5.047066015814141,0.2711786892443107,1
254.8701433248185,499744.04850934976,129.81364259675624,4.020410177947012,8.417645244755153,0.3936218410632357,0.0,0.15102859759136886,0.17935273590032108,0.21483686076470263,0
370.06587076183285,682531.5718353083,51.01512612623408,2.3771308590604603,5.76283518137763,0.31808459911988674,0.003345395581721606,0.16640966813229224,0.03599064378627995,0.35660070296576857,0
443.4348263494391,806423.5950468921,167.39294299404543,10.837752079955678,7.800875627393253,0.24737258505506535,0.0011311038638375098,0.09326985857054651,0.05808101117295067,0.0,0
332.4886043239002,0.0,84.06821361521948,4.862896846221718,7.591939104466435,0.31105189710273484,0.18318340284040152,0.17245992249207526,0.0,0.09652480634453592,0
404.876934058125,347109.71620010363,53.37602680804582,12.90639507779463,24.124252152947818,0.29135963613193283,0.0,0.33405741873588124,0.0,0.6810381094253697,0
444.2873637321983,0.0,0.0,2.958760264004415,12.07556996058737,0.3284371953556775,0.0,0.0,0.0,0.046807994929180474,0
699.5786176953055,0.0,0.0,9.01500098306445,8.584960023320459,0.4999096169358308,0.0,3.9912172519931994,7.474062169722528,0.7348882291207831,1
258.2984928444117,957347.6137264414,150.1176413213996,19.998486109186548,8.74074103862391,0.5114481100639727,0.0,0.0,0.048146124461111196,0.2777165614439954,0
344.88345777056276,93603.97761991847,47.97840896144046,2.051219599376101,3.715692475731351,0.3096629444321711,0.21401164677488127,0.024377782602426984,0.026227166616214354,0.5836161637021305,1
604.2364261538783,270087.69280839735,107.70000914481108,0.0,3.6118934795147783,0.10958783590753807,0.0,0.058299865159455296,0.05473807154276433,1.041949557830649,0
445.7419421668709,1426394.7875477853,96.67937945071922,5.594464217253194,13.366716901861135,0.43511633946172434,0.0,0.0,0.0,0.25676993635238954,0
1271.8227508458185,4741643.377208661,70.86694945061073,1.1151465861289074,2.996682496209152,0.3679430763864269,0.19766050811304745,0.1967734571729701,0.05070031586519991,2.348815421557559,1
5421.2643120531775,1607904.7210929338,205.93658609948676,29.802319583429934,11.785601590315856,0.9599739134329942,0.19835276473996036,0.3315626952924507,0.0,0.1754043634782366,1
6385.011032340899,1129360.2461222669,233.3937568592744,4.923799068936752,18.88780532512935,0.9619644092457912,0.26324291941562333,0.22854963221128732,0.05782071050594432,0.25363331530898536,1
243.75081083704913,623574.2054878429,115.40229849240153,0.0,15.464871256318098,0.48238305289854677,0.2434193107827292,0.0,0.06049563914747169,0.1503882979956568,0
259.7206946025605,352858.773350918,49.68493387798039,0.0,8.679750933428934,0.6884955836632701,0.4454970513954828,0.0,0.08688447825161119,0.2398510680971356,0
5394.092465393539,941218.2826369306,179.39095556091772,44.991053257097875,10.521313560491386,0.9596612673568563,0.09782365051812766,0.18064326933971947,0.17817678090927785,0.5298068582608335,1
450.37088194212106,516641.5104608441,14.300601584322209,6.368282974960973,5.284096052260814,0.27693859070438054,0.0,0.0,0.04966513954945892,0.9482004645535704,0
419.71777328572216,98087.0386695663,59.672151724546445,4.721796792593423,3.504667601506473,0.42324239122331775,5.1382841841849896,0.0,0.03283916186798927,0.5977543049265237,0
407.57502491649586,757185.3432010409,73.17460751072069,7.595584563234054,4.595394598618909,0.4304563036925342,0.051199861702389965,10.185767116152125,2.1712029013939453,1.9771350547352382,1
534.4057315559958,581930.9958965828,119.29671588814088,8.78787921412408,3.3626235488834464,0.5234601301164126,0.030178021634031257,0.2346144059027565,0.01059451984305939,0.5175165946905946,0
299.4894576221225,501596.6219176288,83.24054854525511,4.765881022442072,6.4625144650649835,0.21480037693651274,0.0,0.281765411461302,0.06066817132770525,0.3317145710133263,0
890.7046830296842,467295.7848547187,58.66888042527633,5.462385595651932,6.5843571434836345,0.3266139211169964,0.0,2.972475513751738,2.8413498804233255,2.121684848592462,1
157.56384293734774,259471.1214105157,49.746952574652084,8.584952360805708,3.14168875340245,0.3501602312827427,0.22233071588306405,0.2510361303729546,0.06016581299436073,0.06349017333205692,0
475.5660470267207,3145570.2214046773,134.46471193644254,12.19816239075125,6.6179339262251125,0.4708897075981111,0.18789868262144344,7.791524576781777,4.374487376026775,1.9262812684899933,1
88.3115290879349,131462.24416669956,108.06452968450606,3.2820735711471043,0.0,0.18380843983763062,9.11952928404981,0.06393645692713343,0.026563339949497188,0.0,1
245.7793630031485,498813.39704667573,92.97039235022636,4.8025068220662686,7.100263169628854,0.045224501050742216,0.026187867594137392,0.07102467046642111,0.09979940985919275,0.9824194735487498,0
495.4560804053717,3510271.9061635723,134.13939706734658,7.36817432558014,3.086115975460255,0.24304068814089383,0.05886233866122681,3.1026734845702366,2.7600375730694098,0.9775773969397495,1
28.423041009481437,997397.6275006207,66.94352773060793,2.5340652692877734,5.512089108208771,0.1948582414537841,0.0,0.2665474096017947,0.23818511178499113,0.6891037958310752,0
287.6865416091319,326331.1314632718,116.76863860144672,1.2234424559009565,18.275378878671887,0.2907593173869682,0.0,0.048047853494361165,0.0,0.2973025897152112,0
0.0,646811.0385633929,28.80658251815298,4.067771188867915,10.520387503327205,0.3266513026105522,0.0,0.12267099322299671,0.05416128874098614,0.1905882801697223,0
513.7232283439494,224986.3301591654,97.06732514298922,5.005841985105641,0.2046510297987716,0.21236392131404683,0.473887455325933,0.09094686875255643,0.04493752568665692,0.0,0
382.88311206087735,583920.5547576394,0.0,7.480502948116353,9.23427051338736,0.3741989595186272,0.0,0.25797065102879885,0.02855170455804862,0.1679587152554573,0
544.9397480678799,709466.3214099839,27.890967331308445,7.224696135222341,8.680555208165533,0.26116598915275746,0.0,0.03999182170845397,0.05985865841212366,0.44615552900183963,0
1204.8281327266773,7985720.266422363,21.08376364402622,0.0,1.056489628822512,0.5208291818946558,0.0,0.0,0.0,4.793597319369497,1
1329.9488529287296,2566541.1133831935,65.54096751945524,9.413081715019004,6.852921784853804,0.4425513125151844,0.25419771022080734,2.183877648159912,5.964722444056887,0.5705607963433262,1
114.77103455727851,173361.5265202148,24.231036187507655,5.155354218376308,10.580551569912958,0.24720068890086125,0.0,0.37851161354074475,0.06587324599258915,0.0,0
197.9124007720682,793461.835160021,57.86597593448484,5.264632502456979,8.895396618305945,0.420409599659093,0.0,0.04263801230637432,0.11908364061849339,0.24619471020716133,0
495.25943204193624,404697.79198010487,65.13779594353225,0.9296540355736029,13.339578358942617,0.19887650590759537,0.0,0.18850197896733895,0.17219618767836087,0.25660652885093505,0
325.2397903838005,62661.63434514828,85.59565027607516,5.5587727485344995,11.322970674698176,0.6990318645609862,0.0,0.07136591251122124,0.12480161525860678,0.1759407674988276,0
330.69149901811653,4149832.8799317735,62.783969296064896,0.0,21.107228288895865,0.29921689588346534,0.0,3.393577791935739,9.978502151498835,0.40101840383339676,1
448.48762456683187,275711.8751178365,19.18941768156313,4.4181728841927805,3.396357284122418,0.15609206473941714,0.0,0.19194274854704088,0.03429937540027607,0.3779421960448606,1
332.98331138849653,0.0,107.32543186399536,0.47082408923941,9.547762633052727,0.4479374224870408,0.0,0.025598308415340526,0.13494594816141836,0.024454717659301406,0
558.9835038081844,939208.84177697,126.86700359303015,8.224710312723108,8.116270118792654,0.3592855169187982,0.11299478875470728,0.0,0.15309045453406733,0.38030993120754303,1
966.430734756625,1723541.9393628782,136.36174471304892,0.0,0.0,0.4639336066580849,0.0,4.538333540279159,5.115759078870566,1.707609324058029,1
326.23013735334604,411398.49575424445,31.522501543077873,5.079435339414179,19.69137735518956,0.5440179208589985,0.12424652697951766,0.125430395888974,0.0,0.0,0
205.40924904159758,562889.1408758096,46.50130961911409,0.0,10.407877126228556,0.3830375073091633,0.0,0.0,0.0,0.6169504975333692,0
468.1147874804929,2165328.796375785,59.49361538018178,11.005142630106945,7.124366812920481,0.48101392348186633,0.0,7.125255226939555,4.369375311481908,1.1007495478553906,1
400.3756116853899,430654.2358944535,13.884730696950925,3.4458272047349223,7.078555546191403,0.20104540695039347,0.33950754152497253,0.06678544914667747,0.003755220810081193,0.8992352530424618,0
192.69238460873655,175074.37479096506,125.00424311820916,5.41900357820123,10.94926574644096,0.42980061786272034,0.22271240086101968,0.13443918746534586,0.0,0.0,0
297.93277405092635,45374.461538701806,145.78684001688598,2.1040869294992857,2.354438297895011,0.4121918464549528,5.196151415059204,0.10331743144009964,0.17395359629918222,0.15544856151167485,1
547.161487398411,695394.8119746421,81.51352534554022,2.403833427264556,21.92590644124366,0.39517762122458183,0.0,7.321415902600193,5.941594070859807,2.285350199956547,1
688.7760171553916,715240.0102837529,0.0,3.2919984928303947,17.125802793033735,0.259997060070043,0.039711694287105345,0.19572201456061256,0.012746136297387092,0.24543308040789288,0
0.0,1032218.8717261602,102.69533996431723,10.196006775761317,10.849050532350493,0.36844330674374537,0.000981995142792149,0.0,0.0,0.3775214502780257,0
5135.308716469663,948459.7822384232,265.4896217959289,31.283496526406466,7.841509297205084,0.9809015730896281,0.0,0.5850970795249417,0.21103832633059666,0.0,1
4130.880734053802,1408647.0403307804,217.99299970724715,20.510978615322102,17.636707835875864,0.9767614345345454,0.34360825268504636,0.07494008505583202,0.035467909710114334,0.0,1
460.0025483772107,384913.96570944774,129.0813403520188,9.238069886097808,8.189078357805505,0.34173055846673633,0.0,0.2747119594411057,0.2006816504275235,0.07091817174490184,0
456.82395536765364,592979.1124326368,140.70476595634287,2.5037395091797667,11.101274987151157,0.4206497304985948,0.0,0.08794346490790439,0.0,0.1964139896252552,0
120.12247680539394,0.0,80.48660496504662,7.545011780428505,5.1052612701704545,0.33216882083154087,0.0,0.17370036512911896,0.018465188550639187,0.0,0
127.04674058776055,1464427.2368835532,0.0,8.241548528781895,13.84067898328861,0.5038092965907518,0.007424603000087911,0.1852181439321988,0.0,0.2546130250644446,0
907.1513730033608,205474.28288052272,124.7107517529613,74.67197604113633,97.17813154108077,1.0,0.0474903662284879,0.13997363695245763,0.1470667186354095,0.6491380779617439,1
1434.9162699016329,4466103.804406316,50.91608173558911,0.782141738624297,1.5752030649504192,0.4521194802865008,0.3483331222980496,0.08375327891107517,0.0,3.9257563654064667,1
376.53390029656384,0.0,48.20987207515155,7.417207178723186,10.82801699473096,0.31597591622749016,0.3318686655021714,0.06599874640351329,0.10832138022900317,0.0,0
1214.6391338444387,7551200.676461702,93.97944707629787,1.264229232805901,1.6010333225242541,0.24603503701381502,0.06881579972673446,0.0,0.0,2.046412883010351,1
748.0581330442809,1471822.7437810414,124.00277812603204,16.409396817010204,9.54720289066965,0.3285191627120768,0.011643284114686923,4.93014111483338,1.8190052184547993,0.8907103185976918,1
243.54072899724358,835430.3257690254,70.04008595471034,1.4596878383542498,21.182237944554622,0.30778093296437076,0.20870841553340747,0.31916593432713286,0.0,0.37430603905776433,0
231.84496707778237,565879.8531483662,42.95924211334181,13.272590204795184,17.5579618614002,0.2256412936674363,0.0,0.15692704234881527,0.17953878427145076,0.0,1
106.71012204493559,311218.63245397765,155.71011172370655,9.861057386762525,1.4580979477839051,0.36362466333194654,0.2929239398298077,0.274140654210176,0.0,0.5069335009657434,0
508.88112989781325,617203.8280780148,33.98030385611222,1.784336709941254,17.771045156361595,0.3045479816335575,0.28647643432667513,0.0937920704840792,0.08185053416066587,0.0,0
1101.4537500575173,3597449.3922417946,84.97149264059058,2.4351542463367366,9.01982660450264,0.22298548646390418,0.01357654592174697,4.1259156388743286,3.11627107131745,0.7335653169820698,1
252.29190717858214,302513.1518501153,57.79306227192066,8.04875609811645,9.422977374126983,0.31364541463050066,0.3102577029055573,0.17021173603391887,0.0,0.46323956773971803,0
101.01917311139701,450792.92587069224,132.05380540941695,0.0,8.977865846109648,0.06298680663549006,0.0,0.0,0.035754672268783545,0.02420340485543665,0
198.921798549581,2539610.4815397784,123.54594934148382,7.655562112252209,7.225775457025458,0.3441335821774856,0.0,7.245137361831409,3.6957174348397643,1.499105812161625,1
441.93224636461446,920690.1972671576,33.17829099664198,4.7506387045722,11.90220836165108,0.2954510939014382,0.070741978415023,0.2030310757456642,0.09471578297798601,1.1430388141945236,0
382.03614072248945,666245.2808585034,88.03999678363711,2.339960335471428,9.613862002853162,0.20288707941349912,0.0104932299799846,0.18125273691624555,0.0648490806152785,0.0,0
10647.972865051119,715792.6992554837,313.87606177544455,45.6459212862761,10.486680850450735,0.9675270540364203,0.13534189864922402,0.052781137544293213,0.04273904452225847,0.15534914514189946,1
136.21187107790206,389276.7592397209,105.98479474766874,5.736939534723055,0.0,0.13622203101630748,0.0,0.30542159590934015,0.08524847365725516,0.0,0
89.62862762479631,350227.6406882784,176.41300741503264,5.530006128856076,15.097939215244196,0.3289114342616784,0.2593840682366142,0.12236455346276881,0.10084047745223981,1.0857502264908914,0
1245.025593310966,3040094.6273976485,47.5085950478761,1.9265739446672319,0.11270837560554936,0.3584265260531771,0.3671976712667051,0.22469282387222278,0.0,3.7816641747185926,1
434.36680571502995,100386.28214731661,83.76549906173244,11.317544642257632,0.11872403325114433,0.4067967353031259,0.0,0.14191436785985972,0.03541112325577678,0.0,0
1784.4810297024896,141005.27312486747,88.4058641664686,69.66331324509372,46.96851048308628,0.4544837755454303,0.28509768954034276,0.14775540710479582,0.03071184752238814,0.2179705747888728,1
1002.8300794699719,343000.9382679494,148.6063307737908,34.182661591007516,74.56966124689947,0.7432037075680702,0.05043125326915926,0.30305740350404065,0.07503530691919694,0.5788553039586033,1
164.3521817780384,138689.62451839927,138.1237561808008,0.47207191487047373,4.08701809697973,0.30835649788890834,1.697165687818929,0.30945368651715355,0.0971464649198375,0.10046454332000618,1
428.48689061101186,835869.5827247438,104.9602987123031,2.8677448781972936,9.651322187043165,0.5228296272085127,0.0,6.4530293264543594,1.1605414363176494,3.1883459061432418,1
160.21478197137924,496295.1156647513,143.04683643782084,12.159897016325111,13.967629604683243,0.1008677212421345,0.05821240353334872,0.027129593558799542,0.0,0.09573319620110204,0
540.0574409613255,217565.3316004189,88.86970663364312,6.827577310083812,0.4696359177752232,0.22715055378678092,0.27121402827820174,0.2024006877669748,0.02783445543691679,0.0,0
362.19216068576526,1284856.1825630618,0.0,4.835746419422076,10.009234842667535,0.4491469429030259,0.0,0.025144442037626655,0.05887949160570059,0.2841279910218629,0
5168.370831043,1874355.2483304918,219.21244771659812,38.01547086353897,9.064918008936422,0.9737463104626233,0.0,0.0,0.08651602723313861,0.0,1
5189.703675690476,907216.3990123752,264.31733467495326,38.944647706118545,0.5006527277893795,0.9806993661188084,0.15573015319170674,0.4365452435888754,0.0,0.6590458652306344,1
343.3313639264435,2804872.265950032,128.0478089539055,0.0,10.592635684625145,0.5567062821773806,0.21796369401511165,3.8864296119213293,6.329540630185385,0.4188708863570276,1
0.0,247380.89997790416,106.6108518630295,0.0,7.375957467937836,0.25847049607537975,0.0,0.04888728270795473,0.09165940927677146,0.1649815033232696,0
405.44547592337636,588287.0495549308,40.61919502675311,9.50675419172413,0.0,0.2431079380720283,0.315652208016317,0.08849163405027007,0.05965682833423699,0.566185673611225,0
353.3586168947688,475471.4311637442,106.83392041649682,8.730446154157143,1.80593764490993,0.33292201498035057,0.0382938078558872,0.10466293606714697,0.08461249220637529,0.10585534739830768,0
560.7316593396938,611615.529367914,56.55613797359901,5.699538761224343,2.9835719271084784,0.2752384060320792,0.02064524571364965,0.1376754113276447,0.0557296822808547,0.1547776543078481,0
391.4659940027884,1102013.9940902037,139.6967087423962,7.503074033822682,2.7981860068865316,0.3502094848403986,0.0,0.044497495672927226,0.11735586660261005,0.12734111428331693,0
1063.252033190284,274743.1164897169,36.32251068819713,47.59431600472716,94.54879887814569,0.6778182393933154,0.0,0.1570954333644682,0.0,0.0,1
705.1240000609537,4893220.294711652,54.857404258012764,5.458557754357848,17.87735787382958,0.3099020370044411,0.36024542189933817,1.415648112647828,4.298427088120193,0.8538354449729545,1
579.614862413524,653720.0620192561,82.23179441779132,6.189399972447994,16.723021455048524,0.24383001001935956,0.0,0.034241833323431836,0.0,0.49863696645812117,0
660.6979527737807,3004637.1330146166,119.42632658692168,0.0,11.341508781963416,0.1412320534516054,0.16948486491455597,1.7874650024693781,3.8532243438030225,3.5660103047131786,1
305.65072203684815,742542.6342479306,65.80277576234052,0.7645413961677274,3.181091620429048,0.39503972644063945,0.13602497550144946,0.05894885185208547,0.106903574783492,0.6285480286888351,0
456.1246694533651,200646.32478580816,130.93972694511132,7.681241231761852,2.4885882531471424,0.2493181299690361,0.3441276509464327,0.04835620449681392,0.0681903990878734,0.2839509746642841,0
284.5605742332963,182213.13216605753,133.66527113328394,0.0,7.217131576619147,0.24127323074989437,0.06564604783252112,0.053611464301595066,0.0,0.0731210453920158,0
463.08780552481295,130299.28803414572,62.73632062634295,0.622901216905908,7.755430579819137,0.45008531356082115,0.0,0.2719284312222826,0.0,0.0,0
642.5841145715752,2473590.3289540596,83.21433527710298,13.898339134466053,8.305402875776549,0.10924125515818989,0.14154180238229558,1.780647018354693,5.62987308990638,2.2973539793131805,1
5284.699397626344,1449602.3457755144,183.10217776733228,28.830469848380737,20.850336283385666,0.9608756429577358,0.0,0.0,0.0,0.0,1
0.0,365443.0994107416,129.04786035567398,11.058302068533234,15.454233748958368,0.45877690285479733,0.0,0.019231665003378695,0.030102853659952317,0.46994093766963146,0
2051.538333394542,6008205.499127504,60.81362579404811,0.0,2.48356389868382,0.1803421772877275,0.15959961236183498,0.018018110253777572,0.0,0.9237179225162713,1
458.02811692116387,784787.9696283236,26.419911816392045,4.692893964134813,11.6246906091692,0.334295509905593,0.027661755466430807,0.29498507026559384,0.09638478752385665,0.11072793117952134,0
232.46457636680043,585689.7598817449,93.89003271373765,9.60612686399896,11.150115906084217,0.42415455216280196,0.13197055182831072,0.0,0.11900952254391375,0.3456790442266652,0
543.552799426486,195313.35567866324,91.81933580943698,0.0,4.388725261251535,0.5172307077179545,0.14109522466154722,0.06761575507287562,0.0060667313361523825,0.6192694688625431,0
1314.7300562082696,7879165.84662706,67.18033327823866,0.0,1.4437341457347408,0.5866486932798317,0.0,0.18006911945266116,0.02279061125492736,3.164461889572118,1
721.2490524230939,1263054.3059562128,97.62620252784886,2.7546034372784343,16.995970211042867,0.5489492249619887,0.4009588108320804,6.897320991304793,3.0629466271268813,0.6383098627795242,1
292.8106620307527,670000.3785671586,147.26741625368496,9.773218085863043,2.731146634160477,0.21991079972114136,0.014588110124680174,0.0,0.09074119943399248,0.10801067125221298,0
0.0,0.0,152.70280233651522,3.5565871551851873,12.51949402400089,0.22626383780208484,0.0,0.18048770558983196,0.11954603415060923,0.46062034297701343,0
309.7481825815648,336622.8750711994,60.83063546952491,17.19415833207212,8.186833093238109,0.312957505228592,0.00984010989977882,0.21478644998368862,0.19605904695016751,0.2046099984154706,0
921.282172979559,247068.81966742882,29.223193535363656,21.872589462618457,79.63479036986844,0.5419247804628038,0.0,0.33391171833190225,0.08962191996683966,0.9676552004826587,1
4983.051949976106,1007272.7574638476,123.21897899289554,42.39127615262254,13.114248225285824,0.9605992883654736,0.20326669143585188,0.16569435510275138,0.0,0.2686765885970712,1
1058.2431677618777,3882181.6802514005,69.32914594358235,0.0,6.103832894336174,0.2404010014870252,0.0,3.936359733396059,7.120539600552223,0.28837325670907443,1
1030.7406991229295,231985.87051454646,80.54078579083784,44.53031180741982,86.69176526128747,1.0,0.044509876995118686,0.23169020643193128,0.0830285214398045,0.06615049836235276,1
397.45424461235956,809968.0304288464,74.21030441978837,6.21311261539353,18.55637073611741,0.2725983967953288,0.0,0.0,0.0,0.3812122902080337,0
160.01648361843468,525017.557371943,124.23889748735533,7.974056355730454,3.575465003105518,0.4941669546730878,0.0,0.16116533540913147,0.009550983790973931,0.8845304581912503,0
1349.6497939816454,480101.7371874593,89.19389108721471,58.395442673435774,88.93586287337897,0.6959478825728902,0.30608466332905093,0.21893961158914377,0.08505003939527578,0.920789665465745,1
1132.7033212083843,98781.07915464295,133.7235621380238,65.0244907497532,53.10623925156511,0.7426119605145602,0.0,0.0,0.057196832923856716,0.44668448895328183,1
124.93421107554909,854956.5886253654,115.94614833030019,6.8546918556415,6.1300034310036295,0.23954994088804826,0.2930114675222706,0.15145783714009853,0.10255068089923136,0.0,0
337.90594514283293,465097.48263444455,81.63539852958725,3.3657340200641146,11.141453095294228,0.446867438654424,0.22835313757234052,0.20877015283965117,0.0,0.6417705335728692,0
0.0,0.0,40.1939397921187,11.495919968926554,8.683671743975175,0.13416981290635296,0.0,0.36490493781997657,0.0,0.0,0
302.45508181255593,2831354.5512541523,42.64007099651868,13.203036845551123,14.17567931405324,0.42642022514944955,0.0,6.728791245012159,2.7833188119116596,1.3805366173158355,1
1702.1549808320801,8910827.005453313,103.1258235508642,1.0083424868361215,0.910131304492681,0.2226055612810686,0.14062867277482277,0.0,0.04214970089312358,5.183940921306987,1
161.11169964801365,91098.40037588276,164.76353190409614,4.032137075349403,3.5184435997537715,0.36227561791741647,7.822608039344098,0.0,0.046902455481834866,0.0,1
2111.935355548857,183697.8863422925,105.7979030237595,58.66467414191159,31.037554550181483,0.7114469598051928,0.0,0.06439430956688665,0.0,0.0,1
185.7023138025476,838579.4363993414,113.83280995913141,17.382693447715447,9.638917167616091,0.26349727194328126,0.0,0.16136721178887597,0.0,0.8501880160924283,0
361.8817180438467,0.0,72.02715438427066,6.575656837539048,13.854704930313602,0.3249904363466869,0.0,0.2173132946825797,0.09561380032868078,0.4258904716794546,0
500.3141715772713,274437.73303267744,158.9197132046305,6.460885537634165,7.907526423908898,0.49901617883901817,0.0,0.0,0.0,0.44927411363686315,0
425.4621052669375,7420958.226280602,121.0679293779989,7.610016117692661,10.559754024902194,0.5291610867681378,0.002516498516218983,4.795042757438276,8.20649909419973,0.018640593963783925,0
292.77542358565233,562050.8907687343,119.5871694473366,7.562699569912896,5.803585961788352,0.2774483631405582,0.12047955666503544,0.1857607805073554,0.06876723745843541,0.2958919773734998,0
391.2680973975482,0.0,80.50744387770473,11.085886738101026,14.207256600390675,0.5415070079695927,0.0,0.21694641500795295,0.10855690707080504,0.0,0
276.91598705485563,943734.4877835708,72.83213760570511,12.141971841671923,0.0,0.40617563291340586,0.022119870561269822,0.32892327739754534,0.0,0.27082094722599226,0
163.57149538433916,1078480.3839042247,82.25421920372163,2.2006603732754244,7.363427713973745,0.10747863738770835,0.31464107083175974,0.0,0.016187274359424873,0.7175385953657996,0
738.2874053319999,2250896.0124125523,122.97785346270271,0.0,17.65524305454725,0.4187572606670285,0.01923386287287908,8.234637675500469,4.204542695906212,2.8915720162006333,1
268.47986902867956,800118.4188953963,80.16098150802712,7.043247909366845,0.1725357905585696,0.33713062129580373,0.22898450588254837,0.10731774626495384,0.0,0.921757056040528,0
471.9893342873576,0.0,106.12122968293484,6.684366603446925,18.60525074206255,0.6224933120248249,0.21480873374309017,0.32683300494093154,0.12384517615013198,0.603137905769682,0
329.5679625640161,915972.2360601556,114.78764152437324,8.45303451227944,20.117189849631437,0.32530214111717676,0.0,0.0,0.0,0.3657147286282201,0
377.4920474824212,700078.7027636061,155.8919492245993,0.0,8.89290817024565,0.6331290391151805,0.0,0.0,0.1037085579958501,0.0,0
426.11843948640836,737892.7858220179,34.37817902040304,8.997922598951888,2.6390766144103974,0.36879224892404083,0.10702038800203136,0.15379930072338047,0.0,0.2566670635297614,0
110.82568770782831,0.0,103.08677273854656,1.0000760959480148,17.123013280758645,0.35437656793362526,0.12336238401961558,0.11890258009575788,0.05436105490477249,0.5164428593134851,0
78.40847005323675,563435.9311930989,96.5421390299593,0.3120300231865558,0.0,0.5795991918505488,0.0,0.13862478482000698,0.0,0.48978048931365625,0
476.85718003067416,645580.5193096163,13.802484274288688,7.283171905407647,11.545488824731132,0.5800040551978043,0.0,0.2481364477977737,0.03773809676302138,0.0,0
5691.351839423663,923092.0762601665,203.6465415864587,35.33277434975307,13.612981022972864,0.9536779905046889,0.062304238555872866,0.0,0.0,0.07891609706157515,1
1059.3519744802184,5479340.164552843,35.819013394726156,1.4723480118905217,3.691707947151051,0.3741273534269405,0.02239755663822588,0.32961281570684137,0.02183534163745304,3.0821755144966967,1
586.2694119213613,700291.4021357701,48.01741166166007,0.0,0.46439610730189784,0.2812301871476458,0.22483812863879707,0.0753036175785906,0.10887872838924728,0.30869854781563233,0
317.782527272724,0.0,84.59797594486132,8.049677924902836,9.73985642665475,0.09162646238019748,0.0,0.0,0.08396097075450729,0.15384495609459478,0
563.1125217714782,61972.08174643933,58.718680005009645,13.079571372886342,3.261025118541826,0.774264012524281,0.0,0.34535332069139923,0.011959000128977174,0.6319975144024548,0
285.3704617240983,267618.1752377349,77.45913230151035,36.03781759942437,63.51212813592763,0.7505531008756415,0.0,0.1577418379650535,0.04804510121069427,0.026912009460286712,1
691.4023658583982,2851910.413477835,137.70611793512774,12.08074470490009,9.843860952370594,0.1345042430088248,0.0,2.9884725265334158,2.8792663483476484,0.45003181691104555,1
0.0,95931.81390853476,133.6385292227892,21.44256097430142,8.506045930843596,0.35038326472484305,0.1523707567583337,0.1336634950177541,0.1406650615646568,0.31119373698110164,0
434.1038679920736,750156.0023294399,134.70227613425055,3.0263632811300165,9.029740182054422,0.44614187664844374,0.02879304047544576,0.30035671748666337,0.0,0.35003561238545533,0
1118.7001996301885,7205730.570091059,28.1292326466008,1.805006359240042,0.08790030841596641,0.1858582451344256,0.0,0.2212460623423132,0.0,5.109676939839194,1
220.0411006125771,781700.0176442469,31.50039308810777,5.150627582101304,4.832043879726842,0.609831765732232,0.0429721578443379,0.0,0.13407301606303973,0.0,0
569.9666626140768,4240848.930392461,151.5997164593885,5.95350699554093,12.52933756387761,0.4214492620773471,0.0,2.227531875672502,7.426013558673557,0.5107979520735653,1
2352.1902399835085,8216721.536569467,11.32889844335812,0.9133363097552887,2.032607283793853,0.36893753786556627,0.010907839517142467,0.22064804212431,0.0,4.100781567459057,1
557.7190979950701,443264.64539993956,41.942347920415905,9.159023496059644,2.1650635467943165,0.01,0.37310514244467163,0.26698936645457816,0.11214611509194539,0.0,0
245.39484814954545,230163.1759734511,71.22090644628035,2.3881982056630737,1.059447439420774,0.7320120310280058,0.17475298157535787,0.12138175389481341,0.08094863474971208,0.0298541755632466,0
825.6579550213105,657704.9580733883,0.0,5.338271633212568,12.81245580610974,0.09362656310489106,0.0,0.0,0.0,0.3711736296214167,0
576.9473510632108,73322.95776696934,80.6852378845313,7.008287713172402,11.015074037314943,0.14928507281855566,0.04893546042628355,0.4242968756136888,0.008780780469448052,0.0,0
206.9718447829614,5756242.43945876,54.27297969885129,0.14642328281588912,1.6895372681193657,0.28392760623147345,0.0879393979867609,0.0,0.07734061450861161,5.936346222010555,1
308.9616177508075,276772.00903904537,139.79763343530112,6.350677591830637,13.351944378879754,0.29647306590983985,0.0,0.14910261742409864,0.0,1.0561424625974491,0
5657.4617698425145,296520.6757227215,11.147568544156229,26.539098588481956,22.259271191319897,0.9973878899375602,0.04326989642461141,0.0,0.010421428214197337,0.3640278054005562,1
249.1705297412493,219317.2558973728,79.65569988096658,2.535472483922272,4.335472003236047,0.21239958119911667,6.550043536642314,0.3034160231223471,0.0,0.4373421915482707,1
399.0187685728938,921328.0632470446,121.21962546380706,3.682776931873019,3.702806912714397,0.4636759396505398,0.3934896599824854,0.0,0.025744531729619814,0.4951239096299579,0
348.26874214016203,0.0,118.72556569329537,5.811224827757347,4.085552015999729,0.3461865887378455,0.0,0.20859646199953114,0.14218696199394426,0.5580448929691185,0
469.89435941565534,232618.94614271264,79.84649260348993,100.96931398555586,24.928826805907867,0.7296996177138232,0.15421162298806007,0.17234648350035894,0.14577083380217237,1.5194573430418639,1
1056.9121318316402,190740.4899374114,0.0,67.88264213186287,65.07514944818728,0.8118276121392324,0.0,0.12191150478060872,0.0708108326081081,0.2352246259185846,1
354.17181071073975,400403.2055746406,65.75960359335438,0.0,6.3218090698293885,0.35112944883280295,0.29248986816008904,0.28964066943825373,0.12019646577229129,0.16484432982990838,0
372.04149176419713,544420.2409450479,38.35381113086544,6.324715437753713,4.388143170231202,0.44060702755474745,0.16929904054701517,0.01669919395160477,0.14870323262508545,0.283809378628963,0
235.27856655478016,152634.6597849889,108.09586710706589,4.9411769336994045,4.550313633013758,0.43320839724329946,2.5802724002763044,0.3235794096377968,0.00010595604859216234,0.5170916795542806,1
370.8656569254734,781185.397786506,121.0323604751345,2.780879930137487,11.879034221413301,0.33579671730681404,0.14440786210796114,0.1269540114374559,0.043682065518601786,0.7364592123994719,0
251.63482787781888,932728.4889607796,101.07079043220945,5.6434196643703265,21.26893949085988,0.09027851566676226,0.15797335435194323,0.14907611916157643,0.05022900607416505,1.2780921500571423,0
8163.178360825072,928183.845203827,276.6435855209382,41.60110598539781,20.97579575893039,1.0,0.2409211482929726,0.16556908014734475,0.0,0.6203807843796163,1
685.7564338963621,171682.22102157582,31.433523869308004,87.8497284919028,32.931758146335994,0.8351591706323647,0.30982090558792363,0.10152803923595624,0.0,0.0,1
1037.3476022939267,123007.78678807686,109.92361883576436,73.66498138451712,52.9977198073534,0.6661758440461402,0.03536259536275333,0.15172988091232797,0.0,0.07167178093497556,1
382.58752144117227,488795.04892561166,116.09781546400947,3.8026824332655487,1.8748405440769602,0.4012524798713961,0.06801453409475022,0.016949889912913754,0.04410184968362667,0.5101213625994755,0
300.8872524879363,0.0,115.98752654404994,0.5864658885659217,10.84265017549453,0.3748838701803452,0.1390216315087457,0.13213878498782433,0.14461798885739274,0.0,0
121.3266743992387,282026.4380757364,95.95295123802427,3.9613461419778337,4.615725148792677,0.3113896788849204,0.012793695137293993,0.0,0.15002878596135988,0.6660330849782856,0
193.15881268342116,66482.32622491295,131.72304680427186,0.0,6.443486578613608,0.40363446206163356,0.1100104296376922,0.38670241152109314,0.0,0.2535858229808058,0
266.48179471442563,391669.0562554308,116.79396308040224,4.475660685032964,12.00278714991071,0.43864069838805725,0.1983453046098404,0.09724850653600693,0.0,0.40348672309860484,0
460.82306163517904,403970.8446234632,75.31399945407304,7.641369810405152,0.0,0.28642756347901177,0.2686725291035021,0.34484574936613077,0.08182035808602807,1.139464357673143,0
311.0133360224745,133980.49769788788,18.14970985460178,9.869455904549328,17.149104882629874,0.20174751082118278,0.0,0.0,0.0,1.0853249518747143,0
241.62665487008678,720716.3960599554,84.91367199959257,1.9704111069115413,13.26164925882706,0.48135600339263507,0.0,0.08807417843614945,0.01647442342833938,0.8765392804818644,0
523.2150126897604,930955.4872613883,38.02251678391111,4.593150040471495,14.087239736984055,0.17835801398031453,0.0,0.0,0.0,0.42237463066550834,1
293.46035181472985,631903.4382075374,120.15315423506837,8.703047514735378,14.92970641861595,0.34337083690774767,0.0,0.03659611639160561,0.09745116244351767,0.14286163954298578,0
1286.7801027828875,7842511.199673912,105.36885734872033,2.2461061660116917,1.7147153970553128,0.5298461084078955,0.06756581690864182,0.22647279348918942,0.09398959875927174,4.087723992481515,1
298.83004602347825,123971.48061442556,23.878147231354475,4.478449152551038,7.348144725827673,0.2790432121601655,0.0,0.49131272093969136,0.06519948601262757,0.3011055594769627,0
609.5371277102054,1086826.4006169913,130.3646287118865,0.0,8.391943620989753,0.3300793187172291,0.0,0.8753490140504265,4.121491169272328,3.4034253059582618,1
469.31342756433315,464903.2436256824,76.15757108208517,8.984729486544417,5.372197580745322,0.2188471275430888,0.0,0.27385300263501977,0.14169515021318907,0.17810706602101123,0
262.77682124687675,485138.04896139895,100.00970552362922,14.114867243146902,13.168131134383241,0.33496298253319057,0.0,0.27578531961185904,0.15752599661388358,0.4458696974385199,0
526.6062789320414,820836.6751010581,74.41822090235041,5.309764623592332,0.0,0.4161330147085069,0.0,0.1547906262942882,0.0,0.09720517128032924,0
435.1327537096223,617681.9045889339,93.29650182290487,8.943678114405731,5.25527366962236,0.18398544857289986,0.0,0.0,0.016796951297316343,0.551075653622911,0
470.15228241411967,2555108.8337706537,60.60704721213624,9.865794636267658,10.06524719128224,0.33216159751644597,0.0,6.594229870589434,2.001770306104873,2.102896457945712,1
237.83519403954995,935405.4220282107,99.87337878644178,4.151496273956125,2.6211077390674626,0.40461754851457904,0.0,0.28368076358792443,0.05648653475292587,0.0,0
887.1947779346405,204517.34552634266,40.108791536057794,74.19580458155784,82.08744914161511,0.7849718831405653,0.12931314050992468,0.060946982411479514,0.009349191048045845,0.329729616973497,1
88.26393537067443,1288445.5477315274,202.16318344376845,2.754701234793603,3.987718266911778,0.46158612501016744,0.13749360787948292,0.0,0.03509071962434288,0.11151583333003137,0
5925.678282080044,689909.1803205796,142.31838356714326,38.06810218585948,8.432586338101366,0.9702723883662998,0.0,0.3376930056705526,0.0,0.2799499447725112,1
900.9859044398828,255986.69016887172,107.65336251174048,49.36153986420766,43.308490964776546,0.6352098194225196,0.22113952743777823,0.24143182733251867,0.0663641942469004,0.5703360801792439,1
322.06017903646386,0.0,25.538616775962886,11.130948340534319,2.536632753151448,0.379456147418606,0.21539750985355421,0.13271749296012159,0.09582125027351662,0.13418414264949652,0
2270.419844101909,6889191.439270183,36.24161545408205,1.165902714714195,0.7292811869860474,0.2636203904634241,0.0,0.20521059949053216,0.0647335592815292,5.644223046383883,1
439.80534253641724,320565.2542487993,0.0,3.5356552608779923,16.076026858315238,0.2705844644663161,0.02283504166884258,0.15000757935959028,0.049767605312208384,0.6658225016787649,0
310.31914085270233,226112.9672972086,31.666693876045713,13.308995837736525,19.68623075545377,0.26325772252188157,0.019122438543143907,0.061728476157267995,0.09072335748747934,0.7514649954951167,0
343.5848809148155,1082825.9796984773,109.60001646774182,11.595435424255133,9.825747631243773,0.4757856771117578,0.0,0.16404889367275632,0.0,0.4056140159574747,0
325.5954057988075,251112.90322707733,81.5902835593079,1.805719452437411,17.869974602641378,0.2588532045253285,0.0,0.26138327122653426,0.10670476122576966,0.0,0
4566.80074111375,0.0,119.89175246995927,47.661231065946396,19.399292439116756,1.0,0.2339553555592641,0.10380933051098908,0.030566033470942833,0.08890107556758398,1
223.9785775103496,514161.39737340406,79.76800096103354,10.441787624173251,0.0,0.1367612420728442,0.04939998709356437,0.20158975412750096,0.2114488445404626,0.6180442779488405,0
233.7614292358436,904509.2921031045,98.65601053675013,2.8899623804915606,16.82839019892912,0.1367965345877419,0.12247823443484525,0.16976084775833092,0.09240473566169034,0.620903052141285,0
447.58396510726686,2581436.297939675,85.2871295647547,3.3233054256585435,9.75945481365102,0.23465565541858274,0.010393240048849447,1.9917823341976093,5.786873918505227,0.3587039363189308,1
353.8352457474988,235461.84740530959,119.6453191573644,8.814289600911955,11.037555739531104,0.2051335101342638,0.33442286557579903,0.21999279434442545,0.1523159735708371,0.2464833801649734,0
480.9031443923818,2877812.698015713,122.43193348126064,11.014284873874937,15.100405843435032,0.2390756300468762,0.24340062137614477,4.046706321401308,2.2156871936838938,0.9530080066376925,1
147.4011318507802,353555.35124879406,80.58668941603716,2.6500245156088877,10.868456084704054,0.5395757921319426,0.024493482947155594,0.28815066103744535,0.0,0.4549553746122914,0
106.02265022188683,278173.4477182075,151.1471753923554,8.625479869862987,10.132265780467307,0.01,0.0,0.09143823644849318,0.011381004454132558,0.0,0
2574.284874454983,876347.596499265,202.00072386846114,38.98951907167948,16.936044366251913,0.9774009936653089,0.0,0.16241696164325747,0.08870035022120394,0.08987884067308799,1
4687.714082526757,1125911.663800183,79.26802549467433,40.82377554211098,14.295424128544509,0.9294834648167724,0.0,0.11889130532299277,0.1017379501877655,0.5092759645155902,1
946.821566786706,3279879.5591010745,95.10015869711553,9.003245428142662,2.3696950427131878,0.3100022795897157,0.0,9.56212525457806,2.8931727765004798,3.8552112833704832,1
394.4826170942385,0.0,103.58011278500803,15.750694920875093,4.114274681560307,0.1812831640234479,0.10154943334430282,0.0,0.14844463807453612,0.010119676359925611,0
403.40656508588364,622542.362807414,40.582518045840104,13.04224422123178,16.350968730599135,0.3098402825120359,0.21454114264080407,0.14293060666800025,0.04024573466664065,0.1614822483878401,0
838.8612714960768,2177895.46244708,9.57891621680983,10.600732730655427,14.680512612044204,0.44804086691742306,0.12368110970337087,7.645647374660269,4.77320360657845,2.4813333729284146,1
630.2598297409935,539397.2907999842,0.0,0.0,14.091096632331023,0.5935774754182768,0.1565494847286116,0.11937318098810125,0.10893671022239794,0.0,0
675.0715712045235,65523.73618236277,45.61121288021251,48.755263512552396,119.40634768631645,0.6862853762112789,0.061946840965575865,0.026198131084271756,0.06428616755585707,0.22198489818331552,1
642.9866098280646,526155.8345924031,88.88142263012526,1.6715090955911727,0.0,0.186742505815678,0.05013145464420858,0.095843957880587,0.0,0.40621025874142963,0
709.3210686501022,3620015.2965612127,0.0,0.0,12.216211147359424,0.20506534948253607,0.06944724280635087,5.095123651085973,5.229326564006899,1.7672435829254327,1
831.6287450563962,1701932.7582219404,138.3898437453912,4.666910892648163,10.398421762360472,0.2346149873661431,0.13895336893612575,2.9256283551951014,5.150760582835599,0.9154124663385641,1
457.3267668206486,321296.5955709925,162.67595686012794,0.0,0.0,0.3032854398048275,0.24928393954948397,0.0,0.031681201683756044,0.42440684897390124,0
555.0803135072284,897766.500149732,72.68332018820043,3.5053122501902707,6.881422011493165,0.26559603367704876,0.22633050282336606,0.0330141259032109,0.08689696949634779,0.0,0
43.90494711509524,366605.3285762494,96.20111194037634,18.08902768058223,6.060886748465098,0.14482378187452197,0.2607473892799671,0.305451474391641,0.08663207444063274,0.7647181730000826,0
0.0,592297.3762136125,107.28728257308691,0.0,12.687864288490934,0.3713449789895281,0.0,0.14453370170929017,0.04973933425550948,0.5337834063867751,0
1933.7002221892512,5579974.160054285,8.850329864822825,0.7882441940835624,1.278498513611155,0.0376862257530895,0.0,0.2979194762181302,0.2104214305110207,5.426327088927044,1
1286.3349566385195,3743154.40484602,89.11357412608837,1.0545454336346645,2.1349998362559557,0.07383079249632185,0.3094423327279543,0.23581670681610237,0.09006553776791332,4.562803318320054,1
1011.0916754415814,2156467.4799925033,60.16335805951367,2.080983033733111,12.146710469248351,0.3354293442011493,0.0,7.174772176841625,2.2618730303249386,4.139900605473603,1
954.6163645774379,920102.3466554122,100.25119111349034,0.9588225375697466,13.081776456478831,0.5764928993446886,0.2341049692726816,7.7870548401140205,5.148357282760157,1.0600817933838367,1
196.0929891984633,0.0,92.28637152782807,6.916711069992105,8.691942849930184,0.12842882389057333,0.0,0.0,0.004292315370571412,0.21943495595324522,0
424.6274096225904,1264268.1717820868,27.077603182390014,1.9565234229728379,15.37390093072105,0.5268852752836819,0.2527301915625487,5.144246810647256,4.1022420228266006,0.8690930913786322,1
306.0758876322463,264338.72053891665,48.167607891532676,9.680721311305275,14.547452139571117,0.16605581175596273,0.39426725179128685,0.11974757842575423,0.0,1.127056762570413,0
511.49327589218456,490298.2514547405,155.46007890414643,1.4678447036141833,14.62181397353521,0.28470038201825554,0.130189585278518,0.017663430580042508,0.03557021979773546,0.45981393484441996,0
496.8931119841503,466511.6083548056,99.5795615322465,1.2842003781530522,11.774313953101919,0.29348329811980967,0.0,0.1220102787327058,0.1330391432016621,0.0,0
952.6027817811382,179487.54991882274,79.73832811996039,74.33145174587928,58.71152638975411,0.7228470791109427,0.0,0.0,0.11349858637838219,0.11783545525474298,1
851.529811449579,259722.36697642013,59.3989330923433,56.46465899116725,27.53077753795631,0.8505406196794265,0.0,0.14002548333100986,0.03582912960978894,0.4920429893263387,1
386.3751411348498,876788.1675648456,85.5074963478397,5.191394984793765,16.41599089658036,0.3504973705185771,0.04386014746935318,0.31594280797789553,0.042925449884617765,0.0,0
193.10135347477453,0.0,104.40738882931049,1.4452728772125583,1.8625496720646448,0.543495338376029,6.3630892739857305,0.10483410997421178,0.045485645664292834,0.6963572112937482,1
278.72732236058454,375121.427580622,77.01351308078857,0.3184856855373477,11.842031344900809,0.5482486809091494,0.20613325159771423,0.08954142493970065,0.10438273546386045,0.7620662033941574,0
442.79528251615204,2044568.8272158126,0.0,2.6946123409028573,17.40815445981798,0.2691264052721387,0.0,8.11365256959255,1.6938079158696366,1.2983382073758296,1
356.60988331158984,438290.90693522786,132.07235129715548,5.530072836076893,17.310357762291844,0.46275632544896744,0.30355804470068914,0.15365106831641634,0.0,0.2680210228107801,0
325.404114624164,106075.14746100898,121.81859072827561,1.88626294950579,0.0,0.11972194852252241,5.822473667980606,0.012527791481919112,0.1683740983631059,0.10347159203300034,0
538.253390629688,119249.03882368107,69.71777384770441,2.8552732253361266,9.437209426970945,0.19518991218688223,0.26654364047340307,0.4325397366149504,0.022093384437707368,0.42461922234159144,0
811.4681265081487,2245626.805925004,101.93014980899713,11.796078512806105,18.125840507889514,0.3576368103110972,0.032866794879080875,2.6827832843798016,9.84335342808236,0.8789294698704646,1
431.5463537868462,750388.9326539662,130.08252862972336,21.118907263111957,1.7353585348493485,0.370651438590029,0.2634533740788806,0.1284017439562003,0.0,0.7360890515892411,0
901.8343839095132,3375352.83522532,0.0,0.0,6.136806781363708,0.3985686252134072,0.0,1.5357564417941203,7.229653008900511,0.7934508789844663,1
251.54917166442908,193103.33773673218,130.9885909951944,2.8355664117600865,0.0,0.4065507617129884,9.043555569471275,0.18153337854127277,0.0,0.5646762801557615,1
393.446511838628,97486.66561543773,53.580034312034236,4.1527233108812585,8.197020853469796,0.4665355964053325,0.09652331207264879,0.2226747604302967,0.091012522589102,0.49064167561067984,0
587.4207926818224,1570883.559087341,59.21740876697044,4.3346100426942105,7.160554663796473,0.4075032047549522,0.20831661769224816,5.575962026138669,2.9789881442872232,1.0550617133047573,1
401.79566087858535,422372.1403596171,83.387886400032,5.691673403967296,5.271633038717291,0.26750799962228416,0.0,0.0,0.19993055198888454,0.4828739867181695,0
510.6602730013377,638556.5647092601,189.89611022011314,10.088558031314562,1.969449888700332,0.35567429380221294,0.18429124678252923,0.42130404604347305,0.014558527460808601,0.3965747722334131,0
909.987655520653,1724828.7539149837,89.44786547768422,10.0836695769923,7.568044314115515,0.4328490681756989,0.098021051495291,0.053375342586208685,10.468928766895104,0.7319379544315542,1
361.08109942500295,818613.1955237538,136.02051726538053,13.841032235319162,11.331310087675293,0.3673394937885586,0.22925919767103817,0.0,0.0,0.0,0
415.81565339960275,1099969.4347936893,91.79146870629232,8.92623765679428,10.023911650500308,0.40372838144919987,0.11664062974506764,0.08737361900545718,0.06633342939620186,0.20824082232245653,0
514.0481780745032,4082349.523067332,68.13488627713305,0.3853386413016451,2.549082036168264,0.564406684997922,0.0,0.4414180659302907,0.09621844379061462,6.131757915616102,1
127.44456596785582,0.0,75.37210852626347,13.722247390593363,2.8920676573939126,0.4469751513157284,0.0,0.2214182902950112,0.10731721634483271,0.514093937768648,0
305.76997198799114,1973993.9757848654,125.77349080192764,16.86214182262277,20.959397817028062,0.3860969018173802,0.0,5.28128499046434,4.236472181212851,1.8469421293998105,0
4797.631165201939,1172484.6851539137,275.40073873025744,40.36276516887797,7.505679754101405,0.968162414546144,0.06605992282189485,0.20136191117862273,0.0,0.21956912569670917,1
268.2709949211483,739710.1160428217,166.99248496042793,5.4391804994470805,2.799975024065824,0.15303604094961787,0.0,0.3804037718790266,0.10508116784918728,0.9022168763091373,0
168.77183414674496,493029.7427475518,80.94134139801753,8.439956854022936,13.908420559646917,0.030607775653730684,0.06379101517308214,0.05452732824524753,0.01690376159833417,0.6646398938641815,0
159.23648811472472,711482.3664620979,137.61715490815772,6.305074277071027,1.175902456632473,0.3737595568800031,0.135521182668853,0.4214711623456691,0.012879649046928593,0.0,0
165.3429166563974,237007.68321317591,100.16305042270858,7.792297881833841,4.75356732312038,0.3344584199038572,0.23837859628301558,0.0,0.10976985905838205,0.7487486280905282,0
7297.365685229619,1538353.288687932,246.3453995687076,40.055792526627584,18.540804026854346,0.9479788213750757,0.22673782227390585,0.0,0.07795655113038727,0.19409286820913801,1
146.82359905850709,0.0,55.49154419054587,9.752117772017884,9.574172265577536,0.5536824479981015,0.09979377795991029,0.058267245756371704,0.046899546876409674,0.3435809503666607,0
669.4533348131796,4312313.789418358,60.78438343564831,8.556664870194362,10.796120342219256,0.48344583648092154,0.0,2.5736292421037126,8.608427586585462,0.034067467227337556,1
639.0748179840542,460054.2947894726,130.42856739367946,7.070603393340627,9.59186748886801,0.5098374899109949,0.18564955481921333,10.424437490084923,2.7417969240672218,1.9301683470493587,1
589.7073992534117,0.0,91.37455138259615,8.199619833438321,4.596307250316404,0.3492364304348405,0.29177475271014164,0.3548655713181621,0.0,0.0,0
1673.325433419441,4784210.516376786,95.06753224331246,0.6455938015466279,1.5676087987782057,0.5844079197977855,0.0,0.0,0.15614935654558207,4.476104555556047,1
414.4113275514955,518972.65028933896,88.3929794415728,13.402265169653427,2.2551568910138364,0.5426798176583698,0.0,0.34548021210460317,0.06719009388883194,0.07649294313908683,0
2010.1943656409892,6057302.431366551,52.65969033006124,1.1082950868406132,1.213922656603557,0.04328498786336721,0.2504387334589034,0.0,0.0,1.7043258671870634,1
236.89726383043933,382294.04525108205,72.99205275557767,3.2533132038032306,69.27001584906994,0.6939169887758376,0.0,0.4092499416700659,0.0,0.25036629566519314,1
1038.214649998298,54966.21441175867,59.833353105861306,86.54875196349906,84.77101241458638,0.9621047036286818,0.0,0.0,0.004638643593475128,0.41891868737639615,1
8626.22853967806,1133278.49521811,146.57976720963484,7.513001797978994,7.018916473206051,0.9928180223681722,0.0,0.3282819452485657,0.16598494642967643,0.20614921608655504,1
398.0701732391632,2264.4655139263923,129.2644117844901,5.333080402588772,4.173444929246687,0.06568514740416692,4.889725700428596,0.09358684551605558,0.10745404981557914,0.3819977353877859,1
753.3029823286602,1698283.570504135,48.06089449161371,9.751861201404118,14.155512684456387,0.3976574983468289,0.0,1.5006650476104635,6.6096098905337355,1.1209239742663655,1
6466.333774397275,1887139.9295006318,215.4849381674758,38.38182188471705,13.044029934245742,0.9791540807478554,0.0,0.025821868073892654,0.0,0.5848056020617489,1
1943.610997815596,2813920.4835091336,103.60940983564244,1.725891860966907,1.1755856245729517,0.4324162921984894,0.28067963824529985,0.0,0.0077081033076723746,6.044081735382408,1
167.8918409655528,285899.65802584356,141.20602135930727,8.824703267734073,10.514074988048684,0.5598761041006621,0.0613049853949675,0.12527258690857634,0.0466117649474308,0.09509243499657893,0
888.4628189279351,4130719.8983829916,104.18962181169516,10.030088640533725,7.3393853933422335,0.32961141333055255,0.0,1.5213602906444859,9.228046942953451,0.0,1
146.27898279817308,829767.7163660713,155.6499318249526,6.509103065516493,12.864890022911895,0.39304276768282437,0.1802434434145334,0.0,0.03334624570329851,0.48744090494388403,0
232.8745763169183,307499.0808865542,205.22935208905085,0.0,0.0,0.35806592600221293,0.0,0.0,0.0,0.39741369657853554,0
1635.756888877922,314318.197016,106.23595020210462,49.66062824353599,79.25236280810248,0.7010597332193503,0.0,0.0,0.0,0.2606851702366901,1
578.7998491849633,839417.0112122169,152.55561387222446,9.663197832327453,0.0,0.3046396346812317,0.004630375519401916,0.0,0.06692080107459768,0.8120565864779375,0
543.1692405766541,1759903.5672284665,63.41049041378235,5.069307471731568,2.690622032769369,0.2404900340017867,0.182981525456394,3.155130521966224,9.331297605595733,1.132972000767197,1
280.22588279845627,556045.6053800184,7.359058209653341,7.683118533136714,6.174756721705435,0.43589363793170116,0.06074678219132135,0.12475937978033104,0.10820695259549469,0.0,0
208.00981395423355,476431.35953123384,120.07882393471526,5.334617789943666,7.9363520310960025,0.2959319270114812,0.05691049632704568,0.06438768900901212,0.03258823558114403,1.2134494907603428,0
18.557069953215773,201081.1537461584,83.32378363515429,15.704334695909344,4.869287294374712,0.448797984298574,0.0,0.43773147186452954,0.0,0.0,0
444.76709546167183,1673039.2258819332,64.7642117794403,4.420291654190988,6.437840013472959,0.3370036593662944,0.12823470796578407,4.774737912260512,4.421409249231559,1.2127569455436864,1
837.6651302108655,2381904.537810802,64.89987783167348,1.553363846654252,0.4977668639827577,0.09704257771686589,0.0,0.38289298868091437,0.10410211419640722,5.9069039734330495,1
403.7144377100551,345669.6760022891,79.89907009720868,8.016881212633624,8.430932358428986,0.39753595526420166,0.12541768948820686,0.31034177121496886,0.0,0.4706698875238872,0
986.9286509924194,109048.03096789234,65.63718751832752,77.98158666843398,59.77534666577358,0.9526192136314278,0.1074435590588123,0.08555396343032401,0.0,0.10388675489426347,1
533.930123850673,224717.56147633024,102.0084508985585,54.10874418881674,40.60751613914274,0.5410325977611878,0.11354485012696018,0.06841491138311323,0.16263591060779026,0.6320721303880332,1
204.5184327367254,4930420.702432351,98.1187846474794,8.871427226790289,19.860968965160545,0.11562111437675712,0.187454996725414,1.2870284940436216,11.681357161752004,0.5631468831896131,1
452.75280232407556,444161.1526861163,65.43852368245896,11.2592743026376,13.781662140169292,0.39298537150101803,0.30462314644036126,0.0,0.09521024324070651,0.23588073504498014,0
0.0,92130.12992839827,75.33640009301263,2.1022090662333377,3.4359775623689464,0.2623708757986096,4.827744758051183,0.03875457817683166,0.005712001340050864,0.6446207113389248,1
227.11463372208917,118519.37237272733,54.351834485486904,3.768267851688928,1.0363768791624142,0.20987736152870462,0.0,0.08399742722748407,0.0383595362014026,0.6055429951033884,1
108.20935050272564,291589.32899844705,85.48609381852069,1.0945642094186088,11.339759665186486,0.44882970878330086,0.0,0.0,0.0711114782409239,0.3955844315348984,0
1252.894345210088,3110018.078669975,65.5198774886994,1.9594990641584187,0.2249823004458964,0.3451032487659117,0.014950069670936027,0.0,0.030240100756622718,6.878501206378385,1
1609.8741366349823,274529.59671022726,62.926487360829725,58.81057767045661,70.47516368886205,0.5607682539450187,0.0,0.24338103752425433,0.0,0.28466948727383223,1
262.45918105568575,283480.94062599074,0.0,1.9714091669360396,11.43682352823264,0.2514019163207037,0.0,0.11801646362271627,0.007975439709726806,0.7587004350606844,0
133.58232449135392,1010877.4299987368,112.97205909044371,9.520951725615834,4.934759922558607,0.13976454034606856,0.005524741432407804,0.3067788980653095,0.12633789243467164,0.2736188948513976,0
249.12658899957702,595601.4809658071,94.21180087092385,2.09404486926497,14.843978026556918,0.35895963793437424,0.0,0.320605146435362,0.19427754623646448,0.1110619944280069,0
673.2501369934843,2414533.894470539,105.54664000874922,1.0362493772188204,2.252776065900994,0.3564613415339084,0.10492607262266956,3.7955447985789066,4.021217762366184,2.8564425699421196,1
100.61364912374697,911515.6769359438,69.04356037368889,8.238575150475342,16.782343178946952,0.40030069590579787,0.0,0.0,0.0,0.0,0
663.8801648523762,3573839.817334649,94.64536837783774,0.0,1.7813328171599228,0.40264382604052423,0.0,6.483088518189884,5.125949692401938,1.9843499889207232,1
603.0795529464572,256792.0611742987,56.95236365823915,68.2482779765793,22.832124645854158,0.9305588036841503,0.12387221252389087,0.2688687414009736,0.0,0.0,1
332.12651305933787,2873742.7623560615,91.4298340136103,2.4173201058523093,1.3628026439680028,0.38179784611039447,0.0,6.225529652079812,4.196084357884596,1.8995063992689616,1
316.97579164922803,936247.7737328305,112.48802123848844,0.9551701120587346,8.66714390246199,0.3639559457943779,0.13601915693398073,0.03546281443441113,0.07807464611637584,0.0,0
131.89213227446558,651284.3786284432,130.76396717070352,5.856608561626003,17.16540952486232,0.07014704099965541,0.0,0.00902182346281273,0.09482386748480826,0.8004864927113395,0
32.15572789987834,2699524.5012073517,145.10072855488423,0.0,12.570780977392864,0.179191518455782,0.15525544172618316,5.650543686239917,3.5311533094898238,0.7039599529886494,1
292.3366812148368,297461.47432476585,89.83519162137924,7.7623124859435695,12.348702071697925,0.3389589114696175,0.0,0.3327105831187146,0.062092578534322956,0.0,0
671.182260822734,276397.5277792137,142.8965559079255,5.110212221271568,21.222767381758878,0.08685722009687646,0.11879568228528153,0.009640488023231253,0.10038254594282234,0.0,0
142.36572588291725,603419.5213710103,47.758709166940235,0.0,6.311623595146511,0.5007893418012492,0.0,0.16762772677543475,0.08740398335803384,0.656941021862034,0
6416.7726658371175,784713.8042133899,94.02537482804122,11.933400359398728,11.087729516634914,0.983119973103242,0.025909495077788572,0.22745823612750793,0.22827676005647018,1.13315970318234,1
198.31688497735362,586343.098973147,144.7815464856279,7.416433990753228,4.558023804967728,0.5035204739457227,0.0,0.12336108614836305,0.014950362302987977,0.19738427341995135,0
2044.053146375416,7349922.36778393,71.87689343671724,0.7972238352833896,2.923069325290714,0.4195059337979417,0.37392095263726177,0.2254391660035415,0.16661452395929197,1.0101506964310136,1
360.6007711118325,539718.7774889275,64.01125722966545,12.02253775803078,0.0,0.28534899455604695,0.193374705025384,0.0,0.03660606985432475,0.0,0
1304.2424770922266,4114760.5697606727,36.25766261789367,5.159725140173704,9.398644828283988,0.47758124731533336,0.39885263083199407,2.921434141601412,8.35020963395617,0.5943179103547316,1
117.22998676229383,2077837.9038459226,177.78272073255164,7.201200709978109,0.0,0.4930175459548384,0.3301609854921119,1.3083380874142767,2.5007743919177683,0.7075379097142285,1
208.46013185684956,1153031.167923302,38.595906920218674,9.32916548903358,2.7398988982961114,0.30298880290812397,0.0,0.22120830918753598,0.10991675985588496,0.0,0
0.0,581514.1387692373,63.079889763316984,0.0,10.514695887554357,0.44257953198770994,0.2339242598703906,0.17467734889092754,0.09767288374098586,0.0,0
1063.5187276336026,2155009.9907341944,131.02196871184952,0.0,28.201457883102385,0.2995318186461804,0.02278913043391275,2.0438942615008404,6.521609264039746,0.13790039502547244,1
361.79058013272606,0.0,78.0425158621041,0.0,12.40182395750234,0.2566015414421232,0.29289376234652875,0.42780294356449405,0.08427971831945913,0.32867986284603945,0
975.3356034687195,4148295.1455063145,59.895695016837834,5.022813599778811,7.754595810964879,0.49575445905074433,0.048530678228530987,2.2857054824953926,6.309368365449745,0.5381486857307962,1
8821.465653286337,867727.8189993872,297.9997050134747,34.62558413686514,18.989971643577107,0.9560034515060388,0.020035965492756196,0.0,0.06923010684427604,0.0,1
108.59130913427711,86410.63912630115,123.1290418812623,1.0178514279506858,0.21466835876863666,0.1960377742210578,6.439995537959861,0.08759275673370331,0.0,0.6406981448696851,1
291.4457293330361,818554.7325449702,114.31932792897815,0.0,14.969733585399986,0.3950782127252732,0.14832081373019404,0.21440969182850758,0.1538641972751824,0.3090474079804877,0
268.8145091527829,599528.039937881,64.10288235120481,8.10181062921312,0.889224443620142,0.31201685780623695,0.0,0.07105298167931338,0.0,0.0,0
51.00698843252485,343978.3866266137,77.44566687581599,6.57590441576395,9.033186831775623,0.5744558533437953,0.21679049580170534,0.2893236694383758,0.04202483760900241,0.4478490564457125,0
402.9758666802744,15678.867718955968,141.1141561617407,8.030013458282017,2.8333789502338806,0.4499846775218154,0.19628632447186983,7.737230585726357,2.7894251670409855,0.7316844907591893,1
730.3521812283834,1784127.014970952,166.6003821641496,0.0,6.356551103201544,0.6344979408254732,0.3405635345446696,4.631152083179648,5.202545609942703,2.547409444798345,1
389.3068287780982,302689.05641007895,102.61732168066482,8.955532572152784,15.779822364645339,0.23744943225464715,0.0,0.019581418018417757,0.17718737871223872,0.3424960162305479,0
2645.362114908422,4835302.404487429,74.7616801233573,1.4121498850537455,1.7685214784607661,0.6042865239303759,0.0,0.36012934443776345,0.12071804605055553,5.866650664586206,1
278.19152061363764,551893.6844364409,52.32350187911382,2.6581265835023307,12.159343502961445,0.5138994066078613,0.13108815825069337,0.09216169826939243,0.0,0.8859519145776703,0
166.72330594656177,135251.77529644535,142.90790181904762,14.90613463790784,7.9688472060780144,0.36533439403895845,0.1724350693075833,0.21911583096239,0.11114978370743504,0.41480510079524774,0
1767.0244697519804,3740264.834141518,51.34953290764895,1.9367571544572346,1.6418279184564055,0.40723826875439884,0.208199595616303,0.06869948224075756,0.0,6.766748227505289,1
408.08187041344536,259646.2593545888,106.95030905884967,33.20946702748263,78.92904476002256,0.7396979805465244,0.3831749714250887,0.08681615240233821,0.0,1.1209591015975022,1
209.82257616923454,335747.71754006133,77.06353222798013,3.8933136267715036,0.0,0.12791478299046927,0.0,0.20650203511948656,0.0,0.7712712271552677,0
867.7475439012488,2163696.4142339868,109.68871323251231,1.7682006628321032,2.4567191529219103,0.2118926142038479,0.0,3.024199146134942,9.983141010329994,0.1494613303996153,1
399.18756223879586,1871433.1494157014,84.52729400692378,0.0,3.8627726868229404,0.19056075326329816,0.0,3.029982026212125,4.852612329056282,1.5007831167071086,1
467.6951255751354,943801.3551061936,81.04739446283351,2.294907101105526,8.913995972928534,0.3173011690698515,0.0,0.0,0.025254751835639102,0.0,0
191.821632461791,608257.9013000426,57.62921217982209,2.0473277513854033,8.97102976634034,0.33696081561572166,0.15802909114922178,0.0,0.0,0.0,0
653.4451079682956,1065229.1306386087,97.21130281924611,10.168597957599415,14.511157198188675,0.49366154366561354,0.0,6.27940178078107,5.277883810455073,0.971985890979106,1
261.71749322841185,504646.6945645511,44.95943531662611,1.8556241859986429,9.206444975913165,0.4783672837696128,0.0,0.13390893078359292,0.18042208405826904,0.0,0
2715.4916905228956,1284526.5880032803,198.80609232766614,16.13679068172329,1.556743415863206,0.9544258794058905,0.14415215902171946,0.3106951674326527,0.0,0.03847846860968346,1
0.0,78608.77124139568,20.703305459817486,8.951602864931951,12.050251950107686,0.3305720286067186,0.0,0.2259589427523503,0.0,0.40828857101026,0
7860.712199961958,1368465.2363261324,212.99574748116888,36.35338987499546,0.8865042844770468,0.9913026274527089,0.14564318073146526,0.14579831248893077,0.1297453616018579,0.2968351343467686,1
352.9821986999431,15761.363838507968,12.603698082851267,9.664542787187672,12.035310387212155,0.5545679049350379,0.0,0.027567413103664964,0.0,0.902122291092322,0
1071.9526292645933,119089.53197677243,133.52901368901647,37.23545426058823,72.70750275793229,0.7443595992044671,0.0,0.03768385641606939,0.07654829814239278,0.26289292481330595,1
348.5606449245273,152938.96396862477,90.51648545196595,48.617037715286884,54.581782931215606,0.6074044894315829,0.0,0.20209733386819506,0.045236695493582404,0.11893224610194802,1
16.5924828707345,838722.5925938897,97.52498228067269,0.7969957257924767,4.108281427232792,0.5227014684384995,0.0,0.04392125353037278,0.17146151302123602,0.8575331980402305,0
368.18806322189045,294158.2234054998,76.51362401472956,4.132785168252425,3.199238873003793,0.5849655487224814,0.2816390777251222,0.00704298912101646,0.1773009575840162,1.2065088861816062,0
266.13235330065385,560948.7079601776,118.96878516133194,5.503941323869745,8.500004238020315,0.44056871458631724,0.012174244076884295,0.0435713692090853,0.1414460470804525,0.6825365480433149,0
316.43215606778995,32116.76608551621,100.36237373752338,1.9374536360950376,3.6701140128007568,0.7388355178237249,8.754749567436,0.0,0.0,0.5853443730259098,1
44.471253693792846,615470.5552885104,17.5882101074029,0.0,4.9970969173897775,0.24735869625365975,0.18978399719376174,0.22437836340401665,0.033100537631097646,0.9724416953542127,0
248.97107788527387,248504.0876926144,76.75160996077331,11.396578282160604,10.981843873065277,0.28441568805897854,0.09535300439534199,0.23940759262294914,0.0,0.20712236876771242,0
824.8049891151285,5277295.090488526,35.91542412947377,3.5011186343171223,16.507847974932297,0.4459623013588242,0.0,2.2616460763463073,8.174036900573387,0.04345095169131752,1
109.04511327785693,391778.0146088253,61.491440585603954,17.779105907990758,14.449568455603945,0.1760474020015231,0.0,0.0,0.1415632111446316,0.0,0
367.2948605264849,995763.9872885834,72.3969117903606,0.0,2.4276378647037795,0.2561123170953909,0.05060811122719061,0.19336715043645747,0.0,0.0,0
0.0,641774.3711537187,50.710381427785435,8.240710723133532,4.541277554673297,0.49749059699865006,0.19003493158335866,0.0,0.0,0.529906063747119,0
1663.9354409655,4317721.496724876,61.11199847417115,1.9169598714343743,1.0457432436852405,0.43596150224663716,0.0,0.08308399707663017,0.10806657550173634,4.232388249179317,1
287.66994551033747,281796.7795466478,60.529773804127444,5.747629636092891,9.151576986590342,0.34719569960439295,0.0,0.3070750376053851,0.07054069440303344,0.6148828556881204,0
359.5994031149177,623843.9019153063,136.3113976424926,11.321560931235911,8.172706866346584,0.43276374105953513,0.0,0.14306965208043032,0.1215219522472207,0.34652065199646626,0
997.3141861221576,448203.6336306487,137.1176484195988,29.057799999447656,58.478407851543324,0.725641486202585,0.2077192946051596,0.1142021732413372,0.0,0.0,1
336.3052832423142,694994.6534249724,97.65279245395658,9.17921669132966,8.67554894377255,0.4238367841718497,0.009059349720986102,0.2823295995898958,0.05806253831601852,0.26562370937827784,0
291.7206162053601,0.0,51.6620332107017,1.4084843701070007,3.626539934490427,0.15628757325704284,8.163512252432321,0.16686644131171002,0.11561069260090219,1.002952372005244,1
159.01771170604482,1041480.1866397549,106.90683462171775,2.9544842808833964,7.567897661619131,0.08300218334020565,0.0,0.03360091466493402,0.0497444573687148,0.0,0
122.57859587816486,594395.214635808,68.07531142481879,14.027416913969823,8.647304090515398,0.0853739123226514,0.0,0.2098761235169983,0.118322564898815,0.27142843119753157,0
84.95472844309063,17183.01795364551,116.96958305430678,1.1653621445615294,3.125507905048064,0.24820317754041,11.07836242632407,0.02641165638256382,0.07165869681081272,0.787309202704171,1
1147.782260299168,7243572.940314032,35.268223347464684,1.0092655969144089,2.0502387706232046,0.41726944774590585,0.08012269140660958,0.244840206526182,0.11063267536263605,2.704662217763847,1
346.8750198626286,1269876.387608023,25.88988198169079,5.514105319664791,17.441733466690852,0.4751212804676779,0.1883062935024756,6.915058615993455,2.64641691161699,0.7266160917337554,1
1315.7487783188938,6502132.245474541,82.03377030948461,0.9217814860623261,1.7323989624142109,0.35862265939571386,0.0,0.093683483672508,0.04134607826026399,7.256872689553397,1
450.6937081382408,2881022.053712622,69.3704256691195,7.235888645167439,21.98390139446623,0.41004728959472625,0.3360860171852117,7.16953923745621,2.9169141075412557,2.1066938503311903,1
1063.1156023831622,153870.18306148227,37.23565452747549,55.14084629649033,40.490270905598805,0.725808640659177,0.0423463950897682,0.12360865545947702,0.0,0.21484116531816408,1
499.0351580862997,1783413.4765392386,69.82305426891438,0.0,12.028702574912945,0.30241111638951274,0.0,3.0744633018756558,7.631735582185882,0.6034053895539679,1
287.3661796430291,81641.69387065546,80.11110216796826,5.790183074641573,1.7954123341780361,0.2708095784337296,8.849994407059526,0.011319384897300624,0.2035031944486454,0.12610588292533045,1
31.769971318606338,752163.3355974876,105.70983877457786,0.7491394015964481,9.40781982698175,0.4495525452941358,0.0,0.09048480167736955,0.0,0.8688772362774959,0
1524.0040691040579,4798296.427717337,65.1683897902934,3.0746857380696824,1.4059532884503316,0.36881416952829277,0.0,0.11553560705843473,0.013343469960412337,5.419108874981362,1
370.1436646121251,555355.9204795292,64.69710892422634,2.5737859641048804,13.711153840377717,0.5578422857729969,0.0,0.3236666325455999,0.23015259601571642,1.0141515275891888,0
1150.6048736350674,4042281.1467546644,44.34781561733111,12.637944024748311,1.3102443583012793,0.4171888022200585,0.03338040067665735,1.474771112879748,5.642478452459298,0.0,1
194.73032989927344,896644.7471528105,0.0,9.284092633600688,12.545292440949822,0.40614314200974216,0.0,0.4604418853927796,0.004094463736563594,0.5163917023578936,1
445.8554117050798,997087.7827411342,134.32289048757312,4.478296975410392,4.05420475069438,0.38975266949381354,0.0,0.1152991338516847,0.0,0.0,0
132.8028608767108,694934.7119894183,77.04133628922418,16.308995763658043,6.206479322468399,0.028449153806282435,0.0,0.08640267543813437,0.11528335242040917,0.4500995902635849,0
213.053007974577,414915.1629848829,146.59530843566034,6.647047684479345,16.633433170632586,0.24436941499073844,0.061323387808774076,0.0,0.0,0.5101577600182897,0
155.27189914773328,282785.0011012256,46.17399911920285,2.751981452025846,3.317623037436289,0.23518447680598534,0.038319526760378975,0.0,0.13570502754980857,0.5272164697023632,0
196.45192361995595,1456751.7070292323,110.81515148392404,5.11002859559997,0.4933891016063203,0.53102661923051,0.0,6.688752171139723,3.2215655922880315,2.111623147311537,1
401.31834816937715,51353.32782231085,44.095103746882714,3.832865076092455,10.777017507772442,0.3841813755876308,0.14644967237036055,0.3404630906977524,0.17152669413863053,1.3088466858127232,0
779.3575720324762,4211227.183045913,70.35823686256862,0.0,9.491563530781855,0.35469482685326065,0.0,2.7203791305904503,6.434035346708433,0.6375230284651915,1
462.78102565503684,2759727.939635258,75.48866541115999,0.0,16.183582927977863,0.3397691844641756,0.0,3.042049311688468,7.6632273386227485,0.3941790948581114,1
354.70845714585647,2006967.3859384377,17.937103453964554,4.792214275246959,16.504855930671155,0.36779015397594955,0.0,3.8409160918912013,2.8223981092151504,1.7418627933762834,1
3306.054037612575,475590.63715909235,210.1452576453694,26.257843837988414,14.182709673899726,0.9360741097478563,0.3499706499244134,0.2685241800157979,0.026114623014314345,0.39284234594887735,1
3831.817406057355,1337292.1264697604,181.75147655142865,26.00392331169892,10.544687015890176,0.9693311977426091,0.0,0.23418731195202896,0.05132637481659662,0.21840708329919883,1
173.1104525750215,64307.298995217716,106.33187503508731,4.868137784331804,0.273515136894543,0.43844236442058615,3.648716252208925,0.0,0.0,0.0,1
7723.358129739805,1051484.8788223895,192.19512847492405,19.091216269946564,3.3653951331482084,0.9635465092508189,0.028016012734041352,0.09018054036822154,0.0,0.5096236790008869,1
767.9204502302839,2005785.7611630876,42.43883314733658,1.0398506258094584,1.8404353217035865,0.28389477845111155,0.0,0.0,0.16213551605487744,0.35726625766563025,1
379.1591604108466,773972.9117964793,81.04420806838533,2.2119413772887633,2.983328662325313,0.13230066395277554,0.22553803894456712,0.2787871580601567,0.09909439834835634,0.1578899885502318,0
348.25361763260685,35751.972703786996,35.517987045404155,1.9670071641823421,0.5916368894250552,0.30976544578518983,7.20268907433851,0.15139150511686902,0.0,0.2696834093763117,1
1343.9323048960125,132721.5024785732,91.3646793648618,70.35717084911226,51.97117839387654,0.7518830884370873,0.16329437291921273,0.3047892486311808,0.02244262583401469,1.199631034471576,1
2048.2471078793105,7701930.234170264,79.40327413771473,2.5119575142596378,1.8799232868004485,0.2765347429960694,0.18322144117698433,0.21030547499287638,0.01184176198498571,2.466843841609578,1
922.3881014315027,253407.81590473853,98.8539625628941,54.19258860132435,45.185238438856615,0.8266822930187518,0.411059231153177,0.20460732978653562,0.006063629485970737,0.4159294522823895,1
668.5855813069124,2800562.99296361,100.10461717692563,0.0,5.1281171823415415,0.40203187358472336,0.0609565063517167,8.56498794291803,1.565809770783592,1.7593713513356368,1
397.492188597238,1812445.6099244053,37.2492864342488,7.9746810641472425,4.207342688621871,0.24370156769659898,0.0,3.9663482994155963,2.751079484969857,1.0106904302624464,1
480.17669579358767,3769518.2169835507,101.47076143458618,9.339678335902661,3.935526315740181,0.40543894942948056,0.0,3.357584346528724,5.056212814978882,1.0063696804213809,1
5790.836036247971,1162528.0955559455,256.3324531119397,27.296973689801003,20.826047480938293,0.9621149678963321,0.11392988973016684,0.03837721309221111,0.003274148873099028,1.3245578552139166,1
258.37863104050115,109995.794051604,222.67890530485707,3.7244133298066635,7.690599332716957,0.2731613930029208,0.0,0.04284164702669309,0.18922131418886867,0.6758015285805998,0
1295.8765457553168,982491.5680791577,33.82854261579335,0.4051241724435345,2.1035703236850227,0.434708314146059,0.30445176566532095,0.15410249700866652,0.034137232955593434,5.171376415653392,1
776.9340803265673,114456.15840215843,143.92418358754807,32.11938322193669,70.1397797273749,0.7658989899274029,0.0,0.0,0.0644987323503875,1.3862743344245971,1
1585.1751299623572,3266966.2172939926,62.44366082323548,0.0,0.8708689490580066,0.3742480298831793,0.19844457256385825,0.19857066692055175,0.1561210137267095,2.9540365841171354,1
822.1336205621824,4117454.7446389566,124.98108501586344,5.218322855117573,12.12368840459736,0.7087033812755106,0.0,4.224810882322712,8.454386493761252,0.44504554437458027,1
194.46371180595017,828421.5990308614,149.61973079954714,2.493279251180792,6.851944164653864,0.30233573220350757,0.0,0.2923804706505814,0.0,0.0,0
349.5903265359144,307888.4030944528,120.37896708938115,5.722733125960426,8.982002139176762,0.05152594740259625,0.1840978805381018,0.0,0.0,0.0,0
221.2112624433404,98189.51964034353,144.89697850547506,3.6554800665704836,3.2091198369209266,0.4735961080645602,9.522400200997474,0.12005128336174102,0.0,0.22251057867245275,0
366.9106052662835,0.0,58.25392247346318,3.0053542550197823,1.5994856913622486,0.3477931564913254,9.497327450946084,0.13280738395557218,0.1599775192396502,0.013858763505721627,1
436.54724432770536,816257.0076580624,109.4744651850481,11.831441532662433,12.652738629175541,0.25300727487334845,0.0,0.10684756163131391,0.1385231454873957,0.30599328369768225,0
6444.352474166967,919650.3874114302,234.78520609759045,25.627779961348473,17.490424525008535,0.9946991511940824,0.013607319914912267,0.0,0.10638196020840229,0.4227777714039757,1
2099.214035969377,782042.8893043463,358.28214700256854,29.89257192273335,12.007777239186641,0.9855589321929049,0.0,0.225537066908664,0.0,0.9359601476300939,1
360.1619633131099,0.0,128.94994164901584,7.972997106852702,8.60621590868048,0.3629211157081226,0.0,0.34618791258522996,0.012050654847480108,0.26375540202024156,0
565.2756751646014,294754.6926550374,171.6023216655658,0.0,7.979284853219049,0.40874764467323,0.12170454850823015,0.1557059068674566,0.04930004825947254,0.0,0
247.05153221912028,404968.7116032101,128.6724091388679,7.756548379939589,16.512261382191976,0.46486566057099343,0.0,0.4556922952480518,0.016859438067613558,1.0398404425973196,0
3148.400937756206,583865.3576730865,166.1435506503472,42.73219951870778,0.0,0.9695148716091356,0.29106093874684114,0.0,0.1523409595986496,0.47659028567768263,1
7061.972895208672,1542688.7764495625,165.87695196389046,37.15606200712958,13.421787984408699,0.9437995807684209,0.010828750897131076,0.1742531573008289,0.02350389780829872,0.7836624093643458,1
5110.442534329301,435242.1684242574,144.8201794450525,14.440487150580548,9.354198649540187,0.9870043010423296,0.13835030591373718,0.19411602355908647,0.1265317911876171,0.0,1
848.6349668674773,27247.372126529925,80.59871848206309,80.3349707310699,85.83077157733325,0.7074290540281275,0.08090913905517969,0.17801993316367903,0.0866019634624716,0.20174003180650793,1
454.31280973277745,1856985.1255937617,102.54332827910002,19.448030297987316,13.620131945375821,0.4252228103152181,0.162689502435126,3.4995827531964006,1.769662050313156,1.9292499633978832,1
360.88409992777576,363838.17677598144,58.20329711006494,71.8586883793979,91.38584971619774,0.7180599214300175,0.0,0.2169788618789235,0.13619522898023392,0.9997754733165601,1
358.28361080708646,97627.06544186879,94.90037375785376,5.952954811833445,1.1617375171829603,0.2486616305845084,10.657786833418168,0.057035320571544604,0.09965725845757908,0.4418967278086586,1
6669.267306256945,1694516.8044200938,125.87413412477251,12.819507805474469,14.449142816521041,0.9926982086475439,0.0,0.017173981157695598,0.029469797163662687,0.5450422894595536,1
380.9428916587421,109133.15185472979,180.9859796477145,2.1340611885825163,0.4266531405532299,0.060463113731584195,1.2772553487297706,0.19148618763993747,0.09170808396756915,0.44456421709627636,1
709.5154398873431,3758587.693010788,25.488016503208065,7.913498770668022,0.0,0.3641934966882806,0.09879447033711737,3.346793007176601,5.319583858632395,0.8260712184766048,1
2838.2522287013967,1026256.805003896,260.6785884012943,27.552277223850115,12.418513705340917,0.9734534795396821,0.0,0.32072693550694775,0.06481834647491325,0.4583102441061333,1
729.398873403795,1952647.164836967,142.63747404309413,8.702580175228285,17.602878799643772,0.3700890882745892,0.17545903432599583,5.640486521417026,3.80907880286597,0.9494488384042867,1
775.6989472388543,1928813.4754118258,83.93901420302257,5.495106416553085,6.238173692624819,0.24367279067280678,0.0,4.730744767145929,2.3238667960769646,3.2555838899461707,1
627.3592695461867,2471928.515311167,101.25900735645351,12.225024768991807,15.128613553609657,0.22496058233704563,0.06773655389957071,0.5840086791348837,1.443599049652951,0.4978225000001329,0
588.5054540734961,3086665.8245849106,63.0785660546247,10.733861587503714,8.646369672772595,0.6002785581845319,0.0,4.770136771026202,5.580025266838667,1.877234147259685,1
297.9167652508771,276442.1230014382,50.509217461104896,0.0,14.621799251486049,0.07796179190407893,0.03249931029750432,0.08334999130894939,0.0433772720241866,0.7475068420225119,0
294.43942140664615,208871.85030827794,37.963174837068664,5.747062992832849,17.234324604861456,0.27682767555310017,0.10933505567373003,0.2617621278926966,0.09244504985053181,0.0,1
229.8659461237551,798933.3155991314,116.68666637379032,6.217250121757289,5.789823274149754,0.39788626103477065,0.2305941757077902,0.2966192629402999,0.0,1.0481380075209872,0
2348.3198390711173,4926331.054644253,59.659185851754806,0.0,1.1744468428359736,0.3960761342619728,0.2798632553555248,0.062044966708966955,0.10359424609678934,6.324496368593047,1
184.36503553567198,615965.9702980394,113.74417217541897,0.2542035473068207,9.480495747738512,0.2648383213980881,0.06603703346117402,0.20605896849769376,0.024393803964940196,0.7199932989288356,0
432.51533622466764,513403.66347070766,125.22094356709556,4.721801474761023,5.16854285773787,0.45839455158346515,0.0,0.10556852071608347,0.0010649571054627965,0.6589640591640454,0
544.6309973106977,607583.7632974808,64.12898013918544,7.597770033616807,12.369970846816413,0.2148019194185022,0.011724973746776675,0.07285238561495491,0.036063436237895145,1.0144855374289241,0
910.6270445430191,81842.8600711163,89.36268614156776,38.93998680420391,30.261707453454633,0.5660785519140953,0.11420270709026353,0.040721661539273854,0.0,0.1797079717803531,1
1468.4951063686133,194627.4885666282,84.54883666059487,66.61381911586439,68.51849468796972,0.7875318657993108,0.0,0.25600791443102744,0.0,0.8060088448173122,1
1160.4537857544026,8505077.573258108,74.2341188850462,0.3496265660896941,1.4956504006559868,0.3127505690921351,0.09236411951043291,0.11087309259419383,0.011615129171320328,4.974513247958354,1
992.1472076558888,15416.183903497062,79.26211934283292,65.39816131960586,93.04210543629873,0.6383740188942971,0.06677955490649425,0.29980082955950493,0.2647501285437069,0.5042809943874256,1
572.6878505719802,547347.3912188634,58.65796741121305,4.354731639758919,0.5089993591049176,0.15290258770072265,0.020393478943650487,0.2559015641355913,0.2236099314344676,0.0,0
400.05082727514196,219648.67551652802,69.81566106522214,15.77346257705623,14.395386430866658,0.3167929116684579,0.06923137514239716,0.016484263792180015,0.06714728602962472,0.37772630037645033,0
16.43573277786163,0.0,46.617798199347746,0.0,11.22364865294572,0.6386424725204654,0.0,0.0,0.0,0.5980068856374312,0
1149.2342934063402,315257.0187809635,0.0,56.201754186511934,52.120975119970474,0.5821698263946917,0.06547534914212338,0.36081150644794646,0.07369576016264093,0.21986642597258257,1
856.667182572513,2833310.6219959087,125.41593338546542,5.716108614306282,15.088976973558083,0.2605648153946074,0.0,0.0,6.267123010240723,0.35098473423504656,1
253.09099461457492,345407.46149372915,117.67130648676135,5.114932069617815,9.012894482566114,0.5939230498440606,0.12050822206043577,0.0,0.0,0.3756295355681496,0
181.0954375331367,873794.4169026077,59.45014931615739,2.8944340289808856,4.800327989496294,0.2720768563625292,0.05943598667642731,5.48340646476043,2.9401303186861334,3.841395882891996,1
454.616831397058,121151.07487116732,123.06123956852839,1.1061486878862286,0.9351960088198605,0.3172639972131987,5.223170769417723,0.36566211888071587,0.0,0.0,1
309.77902500931555,438221.8302530931,18.150737821497685,15.124395089035577,11.648152155179698,0.01,0.17757154273579354,0.10123079576328928,0.162975470266633,0.16950522869978246,0
1422.2034537571428,4367834.720559172,52.76703239422299,0.13630204256637413,0.6544433479064732,0.3850169105436423,0.0,0.0,0.0,5.460710888446736,1
59.519754963844264,1166169.6102740595,126.74840797980423,9.00545918707147,0.7616960425881487,0.3848408357610115,0.0,0.0,0.1515460254430266,0.9980424557834575,0
381.1775650146867,674300.9886806909,149.21431452519113,2.420712781093833,14.65773453665798,0.4891391120378879,0.15715017889972005,0.0,0.014793626259960092,0.6433271458401332,0
182.20365006265166,1109400.695323072,125.01072928871534,14.21367150968815,6.0713473479683895,0.4098631641004842,0.08740509317979814,0.1394949438173995,0.0,0.5362658809113418,0
921.5443869263336,178953.8819079398,103.80839241322735,65.29433438197788,27.751822213721347,0.7952721304860992,0.3358296220636072,0.025593820158412828,0.18426161211946968,0.0061376748783914525,1
136.28785648759927,787633.9096953124,86.1001924863904,5.843226496617491,6.091787808290746,0.27214981345380107,0.0,0.3394918495106929,0.050052656657840505,0.010671844180835666,0
335.11658059660175,397354.46787770506,92.67286837088422,0.0,12.18951591445649,0.34485884939989714,0.0,0.15185497919819185,0.008199123295355139,0.0,0
494.3793224928109,2393122.6899575926,77.11393169842597,12.573995646878128,4.856996025524627,0.44249028823964176,0.0,1.1901558361111668,8.942268160380749,0.051698567794002226,1
781.1553635165552,2935988.7545075114,26.978072431280246,0.7798373987237543,1.7809772068304282,0.22680418692858653,0.2116183060817437,0.14062684591919777,0.0,2.933906181883361,1
301.9620709900155,203757.31799089845,97.57588502516539,0.0,2.3408299056481643,0.5977072123128713,8.447185641676677,0.3030431286876474,0.12327993181906752,0.2443302687452194,1
219.60880025086135,670863.1416884712,55.07222258372696,10.109686005543383,3.6154756753714032,0.14408319944046105,0.0,0.0,0.13338848525802208,0.0,0
1008.6453337532348,3149406.318187275,74.014594668252,10.288893255837925,14.095527427842864,0.17332698057150697,0.21474029575113393,1.4544051785912737,8.132323116944422,0.9103157021245214,1
465.0221550636502,591683.191908251,125.91218209962445,6.145197857526459,10.939185581152245,0.30720000167416894,0.0,0.03649974616348721,0.05590607067251077,0.5466992768806677,1
168.2185513472832,131253.48089916364,98.08299300400701,5.093844827266494,2.652742412814751,0.4817939187273523,0.21562409407951486,0.2062337876870896,0.08871528429322635,0.41466836962289244,0
235.08031394509956,262110.94656705644,106.14212154422349,0.0,13.398321558026279,0.6197604576677869,0.0,0.22369231483843735,0.0,0.7487170742803477,0
0.0,386755.263073688,63.15717086886447,8.759774481527995,17.47564740381739,0.17966808407585882,0.0,0.05804530124783174,0.01741488661565757,0.3389690745586724,0
370.195571236503,397458.0146650365,123.6570726179981,11.307593852068784,14.23499101285832,0.42743677962437077,0.06299769836830144,0.0,0.0,0.6068513184738067,0
361.2580473407123,77470.07704667276,97.91010032316721,5.171747621579893,14.077040778167177,0.5743564293379465,0.0,0.03980996395993011,0.18119512054924786,0.0,0
335.0517939339003,406838.710390403,148.44577977737626,1.8794675036799777,0.0,0.40003245049674746,0.0,0.0017463043690097019,0.0,0.03409507063465478,0
1338.7899708648383,1288348.3481669286,42.99890429562774,0.0,1.5612532502562793,0.02489561667459178,0.0,0.22342103466116486,0.0,5.32100745374724,1
1058.7721312022463,244260.6996385688,131.11956547719888,56.7688070819888,69.22776012255966,0.6568205327072907,0.18641521743641098,0.0,0.17833456961168803,0.0,1
319.16606499961784,627801.1566938758,112.70133795375797,8.842047622874095,15.038342865718494,0.5179500619204199,0.0,0.16777101191615884,0.0,0.3651486518359911,0
1255.5804448278577,6401439.038588115,114.30867131159032,0.8764810809719079,1.6066955543884451,0.28959870453555453,0.0,0.0,0.047646843603873945,5.491017027337314,1
689.4832967502604,657304.1039665889,111.11781841863714,1.8108837061117518,11.2564411901748,0.6146807929379148,0.10143408616675322,0.0,0.0,0.3056124874679097,0
551.1503989364803,1613118.3661533822,92.6429715547599,6.7465100832567755,15.74464070375724,0.4308934817798692,0.0,1.6510773923424882,2.716724831596459,1.543716302039151,1
63.727801628169175,704346.7517882406,66.07712454533991,3.621254403436913,0.5307764725428896,0.36042207695956396,0.060200734025621414,0.2590425626955929,0.0030908839950395117,0.5496802636554278,0
1859.3747996679895,3107483.5279605784,70.93606555153117,1.6594796740198148,1.835436066782794,0.5415486942737683,0.005731950846590842,0.10512058198686566,0.07597061299944692,5.549031695653681,1
611.0373917297493,0.0,82.67944722357039,7.45906383713155,5.990228661768582,0.5204365349235385,0.10036442982564131,0.06477951991592201,0.13256104781435368,0.4320798471815767,0
1334.210691130826,5244910.593266679,79.5409617823847,4.787447067307797,16.308200110951226,0.3762784931363113,0.2084700479605213,2.734155102555744,6.22487182639379,0.3879618984693168,1
583.0121960096592,715828.0377837152,125.43498760641774,1.1763077849432886,17.890413567252764,0.29829283600005657,0.26591261584405707,0.1996761665525783,0.12591499954534074,1.003713537468757,0
226.16187464528875,135804.40746933926,136.33657552126215,0.0,7.675087286698023,0.2866382569216599,0.03727048610235309,0.002246939209969198,0.060404060175491166,0.9638883773118678,0
391.9593608102186,999721.5753568478,62.166974061980866,0.0,10.442528124768543,0.38043736923231264,0.0,0.3363795591017713,0.04116624795932719,0.7998976795606942,1
551.7196000889118,696686.7564626983,73.05879512585855,4.241603101947419,0.0,0.4787066428394999,0.5067586237651336,0.0,0.12646668584647067,0.8017470492513412,0
1118.8276276607744,4814244.080219814,51.420932481668835,0.968283685246683,1.455658381466708,0.3438646855574192,0.0852784819794731,0.23799730049784712,0.01774107702657579,2.8913645340843965,1
514.8447649744561,2889655.330732129,77.20856639458583,13.06111514403246,7.200281202102095,0.2909418501385631,0.1405208698395884,3.0646380268443822,5.825497201318479,0.09266331935005129,1
298.84240988093654,0.0,40.32189364747271,5.107140160530731,20.86185220867908,0.3473656906275933,0.0,0.22686451777395542,0.0,0.1387557858445999,1
190.49355800873772,922588.9332683128,122.59196472560039,4.8967196337935865,9.154621162169947,0.46096610765039225,0.1268656512799804,0.19459310520009965,0.08082461365703351,0.24197613057878625,0
119.36894664777319,102845.86333870061,70.31903432692773,3.0505933422309726,6.130337171950831,0.5152947594312028,0.2397532183471237,0.26393190939671785,0.06849793674356165,0.0,0
346.9716345177104,596386.3095841743,55.86432571842164,10.21969535445778,0.0,0.4279408988860939,0.0,0.12828588889332998,0.0,0.3681179857300329,0
333.6283918322301,312670.9297861614,101.63676665376086,10.524592593469421,12.35278711285389,0.3032759664186607,0.3221858271573488,0.3300708670796669,0.23687967631578138,0.1150196139163521,0
85.52261896979638,0.0,188.48488313266773,3.450114118328719,5.00428562544425,0.03821503699830292,0.0,0.12445869927435331,0.15680646682405752,0.32065808216929004,0
380.76341878380805,498718.5693876651,64.92687796935249,4.782359791375693,13.455629755411751,0.3009965918071314,0.0,0.04106915418087971,0.05826194897673154,0.0,0
55.25486698952159,594453.4540762602,62.88066282292755,0.0,8.95364231336591,0.3387891923582864,0.13127714414099179,0.2987507153436956,0.17910006785911997,0.05085646902123597,0
283.2676548010072,736022.3427793272,82.98701796154594,0.2604856240499558,3.777917894055401,0.1880201671118296,0.0,0.11964879177195625,0.02475839990026233,0.2554885458067245,0
453.7857508166196,1081578.2510674507,140.3219072942547,4.259151045816626,10.99885519245066,0.35855975938539136,0.12396384515295966,0.03021619906429819,0.0,0.5775822425495736,0
270.70690900167733,517636.9630187721,139.3718271466225,3.289596014027495,14.751067522680636,0.21638393314404358,0.17146246744770996,0.3329933369223699,0.04904713192913453,0.8382985769315455,0
56.580439669339455,0.0,16.50103261638573,13.80593266588241,0.0,0.03794199559772632,0.0,0.039365743034192976,0.053989507520117906,0.5619206079790121,0
201.40046911143867,121859.59669107414,130.70452281465725,7.559743151499153,1.4320155731909954,0.4817807746822183,7.574916317587775,0.2986187735769942,0.0,0.3681297031268313,1
1900.9462600547367,4804272.592520667,61.02601539222307,1.704689211344634,0.8721975649293346,0.4108406528557557,0.0,0.0,0.11886037183322679,7.894359282223592,1
608.7657850730855,343262.8390902815,141.98370507262146,2.5653118916707696,8.571327581714367,0.5193722789267601,0.3647683888597677,0.2125700883110378,0.020782917212893205,0.0,0
267.4091865553601,597740.3285414553,146.99813063236348,2.001712888511779,7.829973734073485,0.23808273204902386,0.023821158976626226,0.10649846116145709,0.0,0.31854229265105166,0
307.55517174929486,369688.9635401716,50.294642519441254,8.27649219208288,12.483735716681913,0.40326911967511087,0.0,0.0,0.06198621588285555,0.6179016386847669,0
613.7987745998594,5158394.557247755,85.86645041544413,4.626700575961789,14.692367614889811,0.4896655428280524,0.11713497789069376,3.3591350678021943,7.253275726784705,0.0,1
329.7836453702688,472060.15363602364,182.1396554817175,5.571963511294261,0.0,0.5788316390192283,0.08724022259857199,0.7238736064090896,0.0,0.6781702517330834,0
647.8337931463595,0.0,49.63916787777521,0.0,5.6167519406852495,0.2930945368170555,0.20266258817556268,0.05728880565282815,0.0,0.0,0
195.3440800820902,34231.498676248855,57.12157103408059,0.48062338669861493,5.8270234304316535,0.3308023655903379,9.745351001492372,0.19588966914709544,0.004018462513368952,0.2217785141306023,1
1022.6310150658271,0.0,0.0,40.734483880725634,61.076793750488285,0.6229060776923601,0.02734254052423809,0.3210084922119447,0.18850595287370292,0.31408830013151756,1
68.34026123620689,437368.1715813332,23.850523933464295,4.583284131462503,20.4527421507418,0.45823992036030714,0.07149023841690053,0.36604242161324974,0.004200065921503619,1.099738547952057,0
200.31719235494774,8017.677120901557,23.725650122302227,2.794193657368058,1.9154583481716194,0.20144862950002398,3.145456713891057,0.33166795427454476,0.0,0.0,1
8.479111008700727,589836.6570374926,57.06303764437351,0.0,2.704218984517155,0.24514872363671092,0.10258143383416139,0.16302463052200145,0.004850268493947568,0.64210278464674,0
554.4747123278685,183677.17216595664,10.387672742416157,47.605770776790266,69.24333115855495,0.7210816519422535,0.06562685707892973,0.1236660962501274,0.1183690556051543,0.6695724348236953,1
4208.2457424661325,511366.7197928614,256.0503881238775,0.0,0.0,0.9748743172741562,0.0,0.2597248732163613,0.08875627443639564,0.6791900905378196,1
145.37308646274573,682090.9021317374,92.90652052741825,10.794033280054805,6.975141581240302,0.32658317005000004,0.13323967824769548,0.0,0.11378919913595845,0.5887732925598934,0
828.8369494378996,1337505.136889412,43.18981319276327,9.181075440421768,14.625447176325459,0.3888374268996939,0.0,8.921151817984507,4.984989468037052,0.7532849659321903,1
448.0207843627139,135194.68869121076,106.49248283905467,8.428444795952576,14.917044287344272,0.23175268364199725,0.0,0.3326000075151526,0.21379252510879504,0.3150823420482011,0
1203.3754038091427,3986607.2618604433,76.9660236720429,1.3496221470275431,1.7420114143192196,0.2235544119885043,0.0,0.0,0.1170390662622535,2.4223612066401676,1
404.1516816053682,515710.954034201,46.01127376032525,11.437273100742322,8.010933710521412,0.28297706587541216,0.3162371808462474,0.011548868591519504,0.19071072652094034,0.5231307619173747,0
874.0076076038083,358921.0192336873,83.02086716030723,29.70511394994351,76.64206981183334,0.720251531645909,0.1528424584237026,0.397207318636583,0.020976353297733435,1.0969895890538468,1
204.0139183616559,691747.6814876057,62.92920276878303,0.0,3.1485821294841916,0.5166149104735472,0.0,0.3310011313441463,0.10097219322483894,0.9844331966884802,0
268.4752279599755,419156.80496688426,82.1506063130068,4.126054236408709,2.3871778244188544,0.37402245858874705,0.1714113468563845,0.20424583082115527,0.0,0.5724111499038338,0
237.6141024277714,1077048.4381905976,146.75540542899333,6.398363696337823,9.189394003739489,0.502151173631434,0.0,0.49202344867276565,0.13059420884938583,0.7678038173085091,1
99.59557429030994,471868.20120237186,115.0849904465531,7.32764324558236,18.00961123578716,0.5319494347076127,0.0,0.0,0.0,0.3219664795889374,0
434.6431310069978,838434.5939443586,51.867709755774904,2.8579611065156723,10.060725826578917,0.24922146250442317,0.24003136156890495,0.08217259132880436,0.05043923260290839,0.0,0
416.86077866070667,408970.3197136204,51.475767757346134,8.232305106225937,0.0,0.3388924613825383,0.0,0.019151159977826862,0.017626650426717225,0.6796265902547757,0
94.94320299383364,205887.04839969135,158.23306027591087,6.30805173094738,12.068393977046231,0.5480610904204694,0.01161945750312339,0.4281000432707764,0.0,0.10506964427852084,0
557.4223755934513,648360.0326672794,128.24920687540973,0.0,3.7102339051421938,0.4219847898533694,0.0,0.2126956136330912,0.0,0.8306078708939124,0
301.384379556566,1031278.9896630557,28.353709314204856,0.0,6.35946593647721,0.3852863716889274,0.0,0.3659286023621135,0.0,0.5472920698331083,0
376.1617048792239,0.0,12.013369292640576,12.681897289384121,14.3989549927697,0.23210490364589667,0.0,0.0,0.04173105733448283,0.8328291550401923,0
2580.4290089995648,7429092.981761774,17.92178967384315,2.678958181254063,1.935149189885271,0.1774124396322202,0.1743621803735433,0.24807393610597708,0.0,1.336706529195801,1
135.9895493034807,388710.0395583959,126.04685781895505,6.025932243295101,12.92391739341069,0.24292213363657067,0.0,0.18349567263136524,0.01777402631113456,0.46617420627341766,0
1384.6205258121176,5762668.741563817,57.84431032224453,2.329809498117725,0.0,0.19157649471848545,0.539172161828334,0.22810645950050812,0.0,3.494945785591966,1
351.77223584704046,1131811.146488208,184.47883948269578,18.463694333192592,11.166006621788643,0.39488425572805325,0.0,0.044138684313458895,0.0,0.5610991967997617,0
1179.0677685532592,2448718.6273940033,25.232385499535624,2.136019441653553,1.031975210960126,0.46316706193782986,0.1129399433409767,0.1420160929144279,0.071613364401895,3.2837447770943617,1
329.391197358356,501944.40613285,25.738371686517418,9.06522104885393,12.674069520590702,0.17938269119539513,0.2555516820773147,0.0322179746909719,0.09821014519038007,0.2992710017388182,0
8724.98729106073,1197946.4174837926,245.73936577835457,23.714386786228655,15.79158246233754,0.9694845840874895,0.0,0.5219742294623364,0.14457921360615944,0.44665025687362,1
1657.867682712974,5060913.994933839,78.29922007714347,0.2696011410332596,3.7638402692696515,0.49740133831639466,0.43088241710674724,0.2547584961213555,0.0,5.166940307873215,1
236.45981996995752,174684.34838876527,130.1771472687116,5.058269882066785,3.056424530599255,0.2429187211435132,10.693910724752119,0.006550136895954281,0.10049513552653477,0.26766293563115606,1
348.83430679707357,260070.11215818248,58.633680529678685,3.5163764860314726,16.27049344317694,0.3581695251446581,0.0,0.0,0.0,0.2603797175062058,0
988.9981118026064,864121.0447984119,40.685742549794156,3.947134592129548,0.0,0.2902516541268487,0.0,5.094965742196219,2.296809990427003,0.5748032823376483,1
376.0615101746191,0.0,59.49791386104326,2.9562153817733696,4.716029416591926,0.6127797175741605,0.0,0.0,0.20563779646916525,0.4136262732106726,0
505.82540302196,1602541.2512575584,168.95101139661912,4.89853549990956,14.963640260733568,0.01,0.0,6.407733108679676,2.4951582132914925,1.2083872785066845,1
320.01519075645456,815856.6840125257,85.72582368742017,10.254304519295964,4.277988099164747,0.36092777410353133,0.2148048221729138,0.3588322703638581,0.0,0.21253868943078322,0
383.48962934474173,754641.0506460902,132.6348767263817,8.25543641851911,12.724528923844542,0.06382140861286306,0.0,0.21619820826980335,0.03418608938544783,0.7875781414334045,0
573.346735036469,0.0,129.10858922523198,12.610679470392384,9.26483337999356,0.5002430674358334,0.20859072048410518,0.24689762696351877,0.0,0.0,0
189.45930838356443,514094.6945352237,40.0889383017755,0.0,4.595559191138831,0.3741938440522801,0.0,0.0,0.07912328648905621,0.029797159761732472,0
896.4485359473745,4041610.3622208443,117.34630625865381,6.701326236412539,6.7426223317890965,0.3873310587003212,0.2958236746414644,3.8815936799217488,4.297907505414805,0.532351207182438,1
118.48354245130528,400740.89540955157,70.9762254722626,6.981973025050941,9.488327018550466,0.322326818981743,0.22494658292644848,0.30025950465593265,0.0,0.7716034560243702,0
355.4196973982523,261388.80712468736,148.50926436445204,1.5423527266398187,12.256058079361972,0.2940952512316303,0.0,0.09617509252976185,0.0,0.8535909982288408,0
134.4535303511923,373450.6330001665,130.95500301486098,7.366606282684371,15.254131902178106,0.3603233492555818,0.0,0.06108936326556491,0.0,0.4386475791397248,0
265.4368188181691,131415.00807455293,102.30179499985528,6.305356432436865,1.0945554340328583,0.4016154984571865,4.244472580069167,0.0,0.0,0.3376948701338196,1
1448.4386371762978,3856707.4658162557,34.0324261313954,1.8543445301857626,0.4954378551700198,0.44252337227845046,0.024310076332822603,0.0,0.0,6.551468611114174,1
2100.1283905100604,7464949.336087264,43.396660038602754,2.2137659875217275,0.70020093193653,0.3724852264797647,0.29853100870747906,0.17214995843215905,0.0,3.5275187350317525,1
1024.8694475406119,482203.1013493986,105.25872875401448,43.306164092653546,8.503358759266554,0.6698094504098565,0.0,0.13391847939615625,0.03541193139802873,0.27134892065097616,1
453.0942810141705,236325.78194703508,53.76805042640612,0.5372286480829374,9.755016331324997,0.3895250669721493,0.16152762148679065,0.1588754809425123,0.0,0.47404115539787456,0
8773.731450000743,734631.8076835967,270.69688897714525,42.43254301577518,9.980650709223859,0.9757201846630555,0.0,0.3527955967615477,0.14631274096453042,0.9639932804557831,1
376.8886167159715,495475.9510150641,88.84171217211646,6.500714562300383,1.8029470346534593,0.445392255211848,0.0,0.46342509230186324,0.0,0.45988945937992803,0
254.401114592397,547613.5529346194,58.3609536521509,3.7876352857499453,5.240210642924804,0.4939092439202718,0.030765861136589658,0.22534541805320207,0.2951782430315821,0.6027450070896121,0
1369.505555263525,886040.8510452844,192.80932009015098,53.161134401921025,19.635198803919753,0.9653651822670873,0.07297703110019876,0.21998173397565085,0.0606418336422131,0.09302820429549269,1
273.59560702242993,2857742.252375802,73.06583766114743,1.9730533955410845,17.96576526314958,0.29574439916822326,0.0,6.575567413802236,5.013218077757692,1.885142037364061,1
915.2675237882996,0.0,32.38304758322935,2.0196975908744244,3.433528787104332,0.2591274859886644,0.020595843774007958,2.1979848208924166,3.3126696117652545,0.9666320496566585,1
912.0524117006536,152352.3336184887,30.213541621205216,56.96537907349653,51.88230822545622,0.6823510217362238,0.08390197691970377,0.13770582504856102,0.015354703525841833,0.7990392739018282,1
311.23068765257875,0.0,10.862666542865256,14.240560809119398,10.13784299413433,0.37176222252178326,0.0,0.2312049796396357,0.2682264567894537,0.0,0
430.8762960635892,422271.7786113235,43.44340990300134,6.28102826544576,20.44769096008129,0.38999986942004217,0.04319889800961883,0.3460152888177841,0.0,0.4440454799218473,0
356.5035098416003,0.0,99.30994124863213,1.876887143976937,7.86750778881375,0.32332249527971374,0.0,0.0,0.1038210214533298,0.0,0
219.27698851109187,403810.35729787016,98.60161983184575,5.505684420188571,5.9220315048195395,0.3136137225477011,0.12899994325241085,0.0,0.016992548007136045,0.7617718304255512,0
164.61536108443443,29655.405846301568,172.76027349312983,3.48951761916024,1.1531617453520064,0.4532438966452595,6.769282625659162,0.0,0.0,0.11455578959271456,1
448.7822488111127,155757.13642185496,99.53285795710768,1.882728421894659,1.060643849879837,0.39121210263311745,7.6436878957341525,0.1571699336779474,0.09255104953614396,0.20304029937026571,1
888.3092595480839,1296548.1670451183,82.44129338072864,3.723338274475593,5.356914446653774,0.15711614726794562,0.0,8.13288522008796,3.263520252545033,1.2280927152451797,1
6083.187271745184,1410801.1887593912,358.2955377354449,65.50001603229785,11.244858343796558,0.9887142929142798,0.13366253777535533,0.12824376745086893,0.14517680021196838,0.45108704847114073,1
302.2726127883038,832628.7698452957,136.3666345646448,0.0,3.5791047766569566,0.3638474279129503,0.10462534887109141,0.0,0.10760379283978518,0.0,0
5923.325404716661,1373331.6634249545,236.64309286029356,60.46206677981121,9.435951871831156,0.9517102145972913,0.0,0.2841876473726078,0.03219606265225364,0.8524629974927108,1
164.78276729440225,447960.99320362724,55.45812519315743,0.0,8.74748369018168,0.16260762356180342,0.06737915171397219,0.20101964504373354,0.12654410159318968,0.0,0
482.0332215235934,896986.374101995,60.609824341331304,0.0,5.102366204390014,0.5699987436394457,0.03362227336036889,0.125344457023585,0.0,1.3913471107230557,0
2389.5941316959097,0.0,210.2386843649903,39.43926424529775,8.509811635382421,0.9405092373854568,0.2105913401929474,0.2682542512880284,0.007139825233290334,0.5110474717476359,1
123.17515331684308,735440.0761554353,49.70836709881691,0.0,21.693778980375026,0.4441049800139557,0.0,0.15048005071509632,0.10138017200706384,0.39031343672402324,0
303.03274023453974,629728.7393864965,110.70283298309712,7.760014769688158,5.318744644265099,0.4985242319566284,0.0,0.1992925082331875,0.14865761324085788,0.6828300753166926,0
522.9034172542459,395846.98102538,165.024440802392,6.691117127371514,4.487827665230643,0.2532064870550009,0.04086031833556637,0.014881108362158738,0.09251067267764423,0.527322096502403,0
266.6172283637525,181744.41791204218,58.60679570860161,10.308792471016837,18.818551274049987,0.28216460660845993,0.0,0.2932098153817744,0.0,0.15749556781231366,0
412.77387252214595,85216.44177301589,73.31736858944015,9.211585732502474,7.452287440553617,0.29455643457441794,0.17394516151248107,0.2868021897205192,0.0,0.5506573196109036,0
414.35381170629876,0.0,148.4572897885871,8.137405210604193,9.071466097491788,0.6164847519500303,0.15584833672099563,0.21214019520378702,0.00015728840658298104,0.5476880477113982,0
4567.510493592228,879276.0614918945,158.9505514228551,54.06555006467187,25.331953735107163,0.9712544383212477,0.0,0.0,0.07948801703671947,0.2040238145068091,1
487.68314231736395,187380.00980397448,135.3728722899271,12.812291220001065,0.0,0.38446328471643476,0.3482798948581971,0.09517647080536996,0.02316980386612262,0.047556143148900054,0
662.9108385316047,33883.559294572915,141.68676337961827,5.269429842027274,14.093199216210422,0.3058138313257664,0.0,0.24837446971589852,0.05091134500003818,0.25980052622326677,0
286.7247745618531,637611.0473153346,89.17057507130517,0.0,15.938047781394138,0.43497640254152875,0.0061517560840981984,0.0,0.10982794833545376,1.1038038784059785,0
430.74621805434106,278051.27001786325,59.45250355362843,12.539578118899193,14.422800776408607,0.2679561625002192,0.0,0.0,0.0,0.7620741594406006,0
2007.0144238003547,8049691.241629581,30.149933601749982,1.843347066484806,2.022454861209501,0.12980060746211944,0.0,0.2016665870263349,0.09477615602429354,1.720125976367337,1
294.53852099826656,175524.35533874872,96.04922731479492,0.8332920837947206,0.8624697349956345,0.49500030107156123,6.187437339795663,0.03140064712140295,0.16702041534884998,0.1920068939620385,1
693.1699253642581,100492.96889506034,132.59689167390766,54.92215494382195,64.84349747132569,0.629975002209849,0.0,0.09521923189027143,0.09628466070273448,0.42132304126341974,1
307.9155767522705,189571.9559855136,57.5874304806225,0.04364625608579953,2.4693246613949156,0.23078930249989676,3.4958967249722614,0.22051561376057377,0.03614670381340476,0.14959867458532175,1
601.0588763246432,338742.7585182331,110.73366321865194,2.1673977651056484,0.0,0.3630562667747606,0.2597013358380301,0.2297102465577322,0.1847906418066031,0.0,0
813.6480805088319,185523.35411918678,66.46722212883392,75.25096281437708,84.64374119363526,0.5116442845393959,0.24897992703127603,0.2621567634887802,0.0,0.7489206993236145,1
1264.693446908673,5449724.907865788,100.05935700843885,7.427842077164585,6.2542598718224625,0.3884221314658135,0.0,1.0838737041393427,9.082736047548899,0.6473437152232608,1
1208.2390711699818,2279730.8564842693,93.46588002347376,3.0485452949569454,12.040848113499887,0.3613723282522121,0.3202040695274897,2.8852808276895034,5.007596538815409,2.118003039978664,1
329.2055705393891,444068.2681357785,60.99162134427043,0.08120451469902523,10.527324753076346,0.3617649942116801,0.0,0.11313569025852913,0.286727247251448,0.7661304928879139,1
881.4027565524273,2767863.6620392483,166.16496133644694,2.0734515232499375,13.418217172588118,0.22374602663388526,0.0,5.76217709437448,3.158943871113642,0.5941191556473422,1
462.34430981221806,868209.434022246,108.01811658636362,0.38014118785282935,3.144969976589948,0.37208559686978426,0.0,0.14767628305841704,0.0,0.012816053661643512,0
723.7256562325373,0.0,73.14352374194341,11.587870984665779,8.654581425567576,0.37715936638954506,0.2901676262471645,0.0,0.18900339463896754,0.6105065220042734,0
617.167027801625,768469.866928552,82.97521565606472,4.81370140451299,6.249550352681054,0.21454756691139085,0.0,0.21323261406898136,0.0,0.0,0
600.0538692345258,5781843.796643838,37.01067425294244,1.2337268460612272,0.6735870571135977,0.2616792645519811,0.3203623166335551,0.23720530642385562,0.0,5.631526710831496,1
132.51422612817106,29854.487151923182,5.741976791085477,4.065517246743736,14.384168754120145,0.2178417247285809,0.0,0.0902930743912832,0.0693526716011893,0.20620812419374443,0
283.80116218661055,324945.7463654864,121.38464873209082,0.0,2.8674765241398195,0.35913788846580974,0.04211500164835592,0.23557533207836917,0.0,0.5906885490422539,0
175.84397309817285,0.0,12.725243959427985,7.810218934647946,4.67578525685112,0.4449878085650265,6.026555540846912,0.4025341895054918,0.06554747715853651,0.45697185800296947,0
862.9315667120592,1917857.20037174,56.03380122716249,18.377555616477625,7.312648606968076,0.34946873000749296,0.07430205151937741,4.189913130206023,6.5060147126507255,0.4731267480650799,1
39.02749646100028,580876.6720816134,82.72173491243541,7.3377014306327695,4.347557255937878,0.1102971545598446,0.0,0.12007953112996496,0.055981233271589784,0.13573309150717383,0
397.8670013107074,0.0,59.92732628261052,8.374081614315458,9.09903105720186,0.36269285319823774,0.009686375225200734,0.14374553056357892,0.0,0.2776655525041539,0
431.45080105557076,0.0,74.21722800544089,11.452359955692827,2.753261184307254,0.5226428919949655,0.23080854995054864,0.19278179214679442,0.024613030818626435,1.2247903355779297,0
716.0037358897451,2293848.1823102254,23.012182171235004,8.222861196201823,6.412541030442881,0.4374701772562342,0.0,2.556916698083988,9.849102450427182,0.24136308408088614,1
380.58496278897826,797821.9952312949,65.12386926221527,7.805989420269981,11.92297090695402,0.45299359619169477,0.2798270182794568,0.0671324171669345,0.012853145913549198,0.6226023943276484,0
412.9335629782612,88592.96397770965,104.0110340906752,3.169053625699997,4.436322281937116,0.27066519317288823,0.0,0.22921027881475875,0.0,0.09979530330551406,0
631.1655759930067,27841.206118908536,109.35088771981182,11.16904720699488,11.561042880128552,0.4963948136038444,0.027020197792029837,0.11665900820483015,0.0,0.6541089690653697,0
197.43268200729057,481087.99256497284,50.423995320343934,4.4342303054585965,13.592055216817712,0.4296423314732031,0.0,0.14559441755768898,0.08359974000559939,1.146275917758416,0
5486.303496497366,965774.3178854391,295.1393054607072,24.445083249256882,1.3705058463085678,0.950630621520566,0.0,0.27399019942534086,0.0,0.21157411810917454,1
315.34468736830587,428966.3396689144,105.24168969504404,0.0,7.660261667676092,0.5138292168058236,0.03455488533030453,0.0902430086102106,0.0,0.9991364989456781,0
989.2951744699317,26317.66804672699,120.44511893264328,66.89747915140283,94.30577597041318,0.7733471512613925,0.09876967072377084,0.11809547960707163,0.09406915245537893,0.17670889123189704,1
182.64970225494184,674626.3458381027,0.0,7.6982088335667544,11.292345446774998,0.3563464123021593,0.0,0.3794569186123854,0.0,0.2677139363962069,0
566.6973779505438,684087.8474802101,50.05865163332363,10.905363993459165,14.208398993107036,0.2469926548597806,0.057662184955576526,0.14088448824894018,0.18594943180363221,0.6286312669905303,0
802.955048074381,54887.78192071602,43.641374726026584,62.63831996592437,56.472043856118916,0.5934799964980526,0.0,0.20365644644455239,0.06289066814279,0.14548675055170168,1
177.0554677954237,196679.78838753176,129.74577106559434,7.338870987462555,0.0,0.5574990535891923,0.09859879906716681,0.11015301827106352,0.0,0.4139644957270058,0
517.9963370615751,73680.81526464137,64.18653772257285,9.878761502249546,7.590295777352587,0.6336514859662395,0.0,0.12747000517829063,0.10849843215041935,0.13518522666642593,0
193.2743058999,178082.79171696375,54.8748950562622,1.196813055609373,1.9050346207333113,0.11536396848712521,7.2289090339425455,0.13005065127007218,0.1191615359739144,0.24437580197274425,1
309.0106023486286,80473.41037159678,42.505818969664624,6.098358489415951,3.2718826311242646,0.5416553075039889,8.316311057391164,0.0,0.08048800756878878,0.20285242727459546,1
394.50025136708473,983546.9188257309,120.43672169734864,2.7629489714919133,8.529761831245423,0.40716255217315167,0.09117036326877127,0.0,0.0795140928740973,0.32946479898528164,0
622.7269914741482,562449.4547239628,83.53865542371452,0.0,22.39071687295435,0.31162914093797084,0.1401363389727061,0.20415491955291132,0.03021276480370694,0.7916095543126714,0
4542.963268251239,1386304.2810866204,241.79343395934137,21.238004569612176,5.605208495775663,0.9581619499223305,0.0,0.17965169475685733,0.11119826968838564,0.26400329192426425,1
620.8353020691221,2629920.419394653,17.993661406248805,7.137417434206886,6.7513936242745025,0.17671668879302813,0.0,4.07200037196409,3.014978887775069,0.036225796130095134,1
249.83423543196176,287656.582604471,44.4049987818527,0.0,14.451520809678886,0.06057293794322893,0.18608485828533167,0.4304056727443332,0.12110750230835432,0.4782407825419439,0
866.7213522520422,4399146.391127307,51.5170726966912,10.456893861124042,8.812198009489215,0.31231678785346406,0.09250236885713667,3.4479535806050405,2.2805615803016828,1.3515704019408896,1
138.57926906776194,372655.949260922,94.34877689263557,9.035267173852759,15.650085467280231,0.6368518348659534,0.09398877715282876,0.1882589785369816,0.0,0.6253644215555141,0
1473.0173107975315,48621.20274592604,126.1620271218219,41.65123588252483,71.13023550547709,0.6848011887492944,0.0,0.2838090625170139,0.09864123484902854,0.24869426979492215,1
6576.211009652534,1496206.4111059322,201.318546498269,39.25656631860559,5.867838818112187,0.9377747892400933,0.12222952038752284,0.24031288113279703,0.07468094570006494,0.0,1
322.24894137098374,607877.3097223187,187.48437018502443,3.496909270056734,2.6974803399087177,0.449639114938143,0.0,0.20953964892346433,0.006096803016231278,0.47114660580061407,0
234.86128064452666,45148.72029817468,68.77976560778674,3.0318185699325695,1.9781151343578283,0.2535001442553323,6.070921190651273,0.15176241023742248,0.13035650550975533,0.5042724712206273,0
592.0211179898099,385175.15444476716,136.67153910321946,9.634364318482117,8.063618995068584,0.1846810557385062,0.0,0.19902998785498538,0.05739939290564858,0.9032458164276955,0
536.526623555859,70770.32889521646,92.76232445645493,92.17351428558979,57.76136867032668,0.6442219432685038,0.0,0.19090794410531636,0.035509964059824935,0.022287157559873816,0
267.22551440322286,72784.17007270514,67.02029762852072,10.62349598384896,3.603358562585475,0.22825960132989911,0.18911024902126627,0.11526918268533494,0.0,0.3674089886742959,0
352.2696142921369,931697.316812411,141.60005278912493,5.42332502596332,10.910155359448401,0.3665659185627714,0.2207248817426013,0.26936487474952964,0.09904765526200662,0.5171836420171056,1
612.297498037746,4288555.911146475,99.97249487043864,8.31078909854463,6.321885414966862,0.26918817419066854,0.07617589654941251,2.9201967239476874,10.064218087298284,0.2694963455065951,1
182.7817775550226,228181.45890750832,106.83051514913114,3.1983638358511612,15.970408740088192,0.2793162538310989,0.10746728615433662,0.00285270732726442,0.0,0.0,0
2120.5309625044015,5682060.997901118,69.32662709530578,1.9879880216888526,1.2267831668030567,0.38950733639474383,0.1033380336056033,0.08979545466680512,0.05074574428538009,4.72095629863263,0
540.7327320168109,0.0,112.9167577269111,7.251488363324194,11.11451627406024,0.26661439312429963,0.191312231784196,0.32709466505242113,0.2069161459010918,0.561042605955703,0
1283.1237021994327,183817.4078947248,23.147771141153626,31.29726490070489,58.05925339778866,0.7269689379061091,0.0,0.20043939201317845,0.14471512991134672,0.8093630989949361,1
3569.5673141902375,1005205.9686929513,203.68520748883972,28.453285101086827,4.7475497714360575,0.9583570198728465,0.045899978270345435,0.0,0.0,0.47428528069716436,1
143.2365044305459,537512.2307836706,138.0302882643249,0.0,12.139196683618502,0.49058895617904075,0.08965520486771741,0.2714313230804103,0.04685167517518459,0.5713871605552585,0
237.4079148840854,100897.94769170106,169.19062579512496,4.67857071798733,1.2024038055669992,0.5826098861529313,5.783663653254022,0.07718913918821066,0.0960701309401867,0.32828306985294076,0
852.0051320662851,336962.6965934348,46.45020752672849,51.28529629007744,50.96192171117154,0.8373686050745596,0.0,0.046111506406713285,0.04818403760502194,0.241229699904521,1
